,Date,BTC,ETH,LTC,XRP
0,2021-06-15,40624.02000000,2606.83000000,179.82000000,0.89870000
1,2021-06-14,40516.29000000,2580.77000000,179.89000000,0.89060000
2,2021-06-13,39020.57000000,2509.33000000,170.85000000,0.88320000
3,2021-06-12,35546.11000000,2370.74000000,161.80000000,0.83260000
4,2021-06-11,37331.98000000,2354.01000000,162.83000000,0.84710000
5,2021-06-10,36675.72000000,2471.09000000,168.16000000,0.86860000
6,2021-06-09,37388.05000000,2610.18000000,172.56000000,0.92180000
7,2021-06-08,33380.81000000,2507.23000000,160.63000000,0.87310000
8,2021-06-07,33552.79000000,2592.05000000,161.95000000,0.86180000
9,2021-06-06,35796.31000000,2711.92000000,176.41000000,0.94700000
10,2021-06-05,35513.20000000,2627.73000000,172.94000000,0.92300000
11,2021-06-04,36829.00000000,2689.51000000,178.44000000,0.96830000
12,2021-06-03,39246.79000000,2857.25000000,193.50000000,1.04500000
13,2021-06-02,37568.68000000,2706.22000000,187.14000000,1.02410000
14,2021-06-01,36693.09000000,2634.57000000,182.99000000,1.01080000
15,2021-05-31,37253.81000000,2706.15000000,187.97000000,1.04090000
16,2021-05-30,35641.27000000,2385.98000000,170.51000000,0.90580000
17,2021-05-29,34605.15000000,2278.74000000,164.01000000,0.83180000
18,2021-05-28,35663.49000000,2412.10000000,177.33000000,0.89850000
19,2021-05-27,38529.98000000,2742.23000000,194.32000000,0.97470000
20,2021-05-26,39241.91000000,2884.94000000,198.91000000,1.03160000
21,2021-05-25,38324.72000000,2705.11000000,183.76000000,0.97460000
22,2021-05-24,38796.29000000,2648.43000000,185.32000000,0.99300000
23,2021-05-23,34655.25000000,2096.39000000,142.39000000,0.78980000
24,2021-05-22,37449.73000000,2294.87000000,169.32000000,0.90520000
25,2021-05-21,37252.01000000,2430.98000000,179.97000000,1.00620000
26,2021-05-20,40526.64000000,2768.62000000,210.74000000,1.17950000
27,2021-05-19,36690.09000000,2438.92000000,185.93000000,1.05680000
28,2021-05-18,42849.78000000,3375.07000000,293.98000000,1.58890000
29,2021-05-17,43538.04000000,3282.51000000,281.53000000,1.49460000
30,2021-05-16,46431.50000000,3582.10000000,295.89000000,1.44960000
31,2021-05-15,46762.99000000,3646.68000000,300.30000000,1.49040000
32,2021-05-14,49841.45000000,4075.01000000,326.23000000,1.40000000
33,2021-05-13,49670.97000000,3717.91000000,317.95000000,1.36400000
34,2021-05-12,49631.32000000,3823.21000000,310.40000000,1.26910000
35,2021-05-11,56670.02000000,4173.45000000,377.60000000,1.47860000
36,2021-05-10,55816.14000000,3945.88000000,358.89000000,1.39060000
37,2021-05-09,58240.84000000,3923.95000000,387.80000000,1.53450000
38,2021-05-08,58862.05000000,3910.26000000,347.10000000,1.56110000
39,2021-05-07,57314.75000000,3479.53000000,344.89000000,1.57930000
40,2021-05-06,56393.68000000,3489.73000000,354.67000000,1.60280000
41,2021-05-05,57436.11000000,3524.26000000,356.04000000,1.61330000
42,2021-05-04,53200.01000000,3239.01000000,305.23000000,1.38770000
43,2021-05-03,57169.39000000,3431.04000000,294.87000000,1.55460000
44,2021-05-02,56578.21000000,2949.56000000,268.88000000,1.56050000
45,2021-05-01,57800.37000000,2944.77000000,276.78000000,1.65100000
46,2021-04-30,57694.27000000,2772.42000000,271.13000000,1.59880000
47,2021-04-29,53555.00000000,2757.04000000,255.31000000,1.39780000
48,2021-04-28,54846.22000000,2748.24000000,258.51000000,1.35760000
49,2021-04-27,55011.97000000,2666.13000000,259.77000000,1.40170000
50,2021-04-26,54001.39000000,2532.60000000,247.42000000,1.36290000
51,2021-04-25,49066.77000000,2320.49000000,223.88000000,1.03510000
52,2021-04-24,50047.84000000,2213.35000000,224.75000000,1.04833000
53,2021-04-23,51125.14000000,2367.39000000,241.31000000,1.17073000
54,2021-04-22,51690.96000000,2397.94000000,252.50000000,1.15489000
55,2021-04-21,53787.63000000,2357.06000000,257.69000000,1.29097000
56,2021-04-20,56425.00000000,2330.03000000,260.68000000,1.38501000
57,2021-04-19,55633.14000000,2161.12000000,261.38000000,1.30945000
58,2021-04-18,56150.01000000,2235.64000000,273.36000000,1.40797000
59,2021-04-17,60006.66000000,2317.60000000,300.86000000,1.53896000
60,2021-04-16,61334.80000000,2422.67000000,308.43000000,1.54805000
61,2021-04-15,63159.98000000,2514.04000000,285.63000000,1.75781000
62,2021-04-14,62959.53000000,2432.60000000,278.86000000,1.83468000
63,2021-04-13,63575.00000000,2299.19000000,267.59000000,1.79611000
64,2021-04-12,59860.00000000,2137.69000000,244.42000000,1.46843000
65,2021-04-11,60002.43000000,2151.36000000,252.31000000,1.35118000
66,2021-04-10,59769.13000000,2133.49000000,256.34000000,1.37280000
67,2021-04-09,58142.54000000,2066.87000000,221.12000000,1.01721000
68,2021-04-08,58077.52000000,2080.46000000,226.11000000,1.05599000
69,2021-04-07,55953.45000000,1963.47000000,219.05000000,0.91542000
70,2021-04-06,57991.15000000,2112.21000000,237.04000000,1.09663000
71,2021-04-05,59129.99000000,2107.38000000,221.48000000,0.91584000
72,2021-04-04,58202.01000000,2075.69000000,202.21000000,0.63500000
73,2021-04-03,57051.94000000,2008.52000000,195.23000000,0.57831000
74,2021-04-02,58950.01000000,2133.69000000,211.46000000,0.60701000
75,2021-04-01,58720.44000000,1968.05000000,202.86000000,0.57087000
76,2021-03-31,58740.55000000,1919.37000000,196.70000000,0.56982000
77,2021-03-30,58746.57000000,1840.46000000,195.74000000,0.56210000
78,2021-03-29,57635.47000000,1816.74000000,193.73000000,0.56538000
79,2021-03-28,55777.63000000,1687.01000000,184.24000000,0.54552000
80,2021-03-27,55817.14000000,1712.63000000,184.06000000,0.54752000
81,2021-03-26,55025.59000000,1698.84000000,183.45000000,0.56357000
82,2021-03-25,51293.78000000,1585.74000000,171.53000000,0.51058000
83,2021-03-24,52303.65000000,1581.84000000,176.05000000,0.48021000
84,2021-03-23,54340.89000000,1668.08000000,185.83000000,0.54980000
85,2021-03-22,54083.25000000,1680.97000000,185.67000000,0.54410000
86,2021-03-21,57351.56000000,1782.98000000,195.31000000,0.51651000
87,2021-03-20,58102.28000000,1806.10000000,200.17000000,0.52613000
88,2021-03-19,58030.01000000,1809.10000000,199.96000000,0.46651000
89,2021-03-18,57648.16000000,1776.08000000,199.70000000,0.46893000
90,2021-03-17,58912.97000000,1823.58000000,205.98000000,0.46980000
91,2021-03-16,56900.75000000,1805.12000000,201.60000000,0.46024000
92,2021-03-15,55605.20000000,1793.48000000,200.59000000,0.43574000
93,2021-03-14,58968.31000000,1848.10000000,213.94000000,0.43905000
94,2021-03-13,61188.39000000,1922.35000000,226.06000000,0.45787000
95,2021-03-12,57221.72000000,1766.10000000,220.84000000,0.43934000
96,2021-03-11,57773.16000000,1825.78000000,201.36000000,0.45187000
97,2021-03-10,55851.59000000,1795.12000000,200.29000000,0.46155000
98,2021-03-09,54884.50000000,1870.51000000,203.81000000,0.48490000
99,2021-03-08,52375.17000000,1833.18000000,191.85000000,0.47412000
100,2021-03-07,50971.75000000,1726.16000000,190.75000000,0.46558000
101,2021-03-06,48882.20000000,1650.35000000,182.85000000,0.46285000
102,2021-03-05,48751.71000000,1528.31000000,180.23000000,0.45457000
103,2021-03-04,48374.09000000,1539.23000000,180.67000000,0.48096000
104,2021-03-03,50349.37000000,1567.69000000,187.64000000,0.44846000
105,2021-03-02,48440.65000000,1486.78000000,179.08000000,0.43570000
106,2021-03-01,49587.03000000,1569.86000000,175.89000000,0.44537000
107,2021-02-28,45135.66000000,1419.18000000,165.22000000,0.41565000
108,2021-02-27,46106.43000000,1458.13000000,171.76000000,0.43589000
109,2021-02-26,46276.87000000,1444.59000000,170.25000000,0.42788000
110,2021-02-25,47073.73000000,1481.75000000,179.36000000,0.43601000
111,2021-02-24,49676.20000000,1623.39000000,181.43000000,0.46860000
112,2021-02-23,48891.00000000,1577.89000000,177.34000000,0.47579000
113,2021-02-22,54087.67000000,1777.58000000,208.32000000,0.56646000
114,2021-02-21,57408.57000000,1933.53000000,227.13000000,0.54468000
115,2021-02-20,55841.19000000,1913.00000000,226.65000000,0.51167000
116,2021-02-19,55906.00000000,1955.00000000,236.50000000,0.56465000
117,2021-02-18,51552.60000000,1939.61000000,226.59000000,0.53204000
118,2021-02-17,52119.71000000,1849.88000000,237.49000000,0.53467000
119,2021-02-16,49133.45000000,1781.99000000,210.26000000,0.51995000
120,2021-02-15,47911.10000000,1779.25000000,207.83000000,0.54976000
121,2021-02-14,48577.79000000,1800.42000000,213.49000000,0.59211000
122,2021-02-13,47153.69000000,1814.96000000,225.76000000,0.63309000
123,2021-02-12,47287.60000000,1840.26000000,196.69000000,0.60900000
124,2021-02-11,47969.51000000,1785.62000000,183.62000000,0.52806000
125,2021-02-10,44807.58000000,1740.78000000,181.56000000,0.50429000
126,2021-02-09,46420.42000000,1769.13000000,181.49000000,0.47636000
127,2021-02-08,46374.87000000,1750.15000000,167.28000000,0.45099000
128,2021-02-07,38795.69000000,1611.62000000,150.76000000,0.41849000
129,2021-02-06,39186.94000000,1676.35000000,155.57000000,0.44307000
130,2021-02-05,38290.24000000,1719.19000000,155.05000000,0.45219000
131,2021-02-04,36936.66000000,1595.67000000,145.07000000,0.44545000
132,2021-02-03,37618.87000000,1664.49000000,155.93000000,0.39721000
133,2021-02-02,35466.24000000,1511.87000000,141.98000000,0.37254000
134,2021-02-01,33526.37000000,1374.17000000,132.00000000,0.37106000
135,2021-01-31,33092.98000000,1312.55000000,129.36000000,0.49507000
136,2021-01-30,34262.88000000,1378.05000000,133.36000000,0.44372000
137,2021-01-29,34252.20000000,1379.50000000,134.65000000,0.28290000
138,2021-01-28,33364.86000000,1329.69000000,133.27000000,0.26407000
139,2021-01-27,30366.15000000,1239.03000000,122.44000000,0.25039000
140,2021-01-26,32467.77000000,1365.97000000,134.67000000,0.26834000
141,2021-01-25,32254.20000000,1317.88000000,137.07000000,0.26757000
142,2021-01-24,32259.90000000,1392.51000000,141.01000000,0.27339000
143,2021-01-23,32078.00000000,1233.60000000,137.67000000,0.27167000
144,2021-01-22,32945.17000000,1232.62000000,137.66000000,0.27217000
145,2021-01-21,30850.13000000,1110.96000000,129.72000000,0.26802000
146,2021-01-20,35468.23000000,1376.99000000,149.69000000,0.29539000
147,2021-01-19,35891.49000000,1365.36000000,151.86000000,0.29396000
148,2021-01-18,36631.27000000,1258.45000000,151.96000000,0.28528000
149,2021-01-17,35828.61000000,1232.45000000,142.80000000,0.27746000
150,2021-01-16,35994.98000000,1227.83000000,143.52000000,0.27924000
151,2021-01-15,36742.22000000,1168.53000000,143.65000000,0.27991000
152,2021-01-14,39144.50000000,1231.62000000,152.50000000,0.29642000
153,2021-01-13,37371.38000000,1129.89000000,147.38000000,0.30582000
154,2021-01-12,34051.24000000,1050.16000000,133.42000000,0.29254000
155,2021-01-11,35404.47000000,1087.01000000,138.87000000,0.28743000
156,2021-01-10,38150.02000000,1254.25000000,170.07000000,0.31491000
157,2021-01-09,40088.22000000,1276.00000000,177.26000000,0.32419000
158,2021-01-08,40582.81000000,1216.93000000,172.19000000,0.32032000
159,2021-01-07,39432.28000000,1224.87000000,169.35000000,0.32389000
160,2021-01-06,36769.36000000,1208.42000000,168.92000000,0.24854000
161,2021-01-05,33949.53000000,1099.56000000,158.43000000,0.22573000
162,2021-01-04,31988.71000000,1041.43000000,155.34000000,0.23565000
163,2021-01-03,33000.05000000,978.28000000,161.24000000,0.22540000
164,2021-01-02,32178.33000000,774.56000000,136.96000000,0.22064000
165,2021-01-01,29331.69000000,728.91000000,126.24000000,0.23746000
166,2020-12-31,28923.63000000,736.42000000,124.21000000,0.21959000
167,2020-12-30,28875.54000000,752.17000000,130.05000000,0.21138000
168,2020-12-29,27385.00000000,732.00000000,128.80000000,0.22142000
169,2020-12-28,27079.41000000,730.41000000,129.83000000,0.24845000
170,2020-12-27,26281.66000000,685.11000000,127.88000000,0.28407000
171,2020-12-26,26493.39000000,637.44000000,129.61000000,0.29481000
172,2020-12-25,24712.47000000,626.82000000,127.78000000,0.31768000
173,2020-12-24,23729.20000000,612.31000000,111.13000000,0.33863000
174,2020-12-23,23232.76000000,585.56000000,102.45000000,0.26050000
175,2020-12-22,23810.79000000,636.45000000,114.32000000,0.44642000
176,2020-12-21,22719.71000000,607.58000000,104.45000000,0.51445000
177,2020-12-20,23455.52000000,638.18000000,114.58000000,0.55586000
178,2020-12-19,23821.61000000,658.03000000,119.85000000,0.57666000
179,2020-12-18,23107.39000000,653.85000000,109.34000000,0.58337000
180,2020-12-17,22797.16000000,642.70000000,101.01000000,0.57690000
181,2020-12-16,21335.52000000,637.18000000,92.94000000,0.56941000
182,2020-12-15,19426.43000000,588.64000000,81.32000000,0.46793000
183,2020-12-14,19273.14000000,586.29000000,82.35000000,0.49740000
184,2020-12-13,19174.99000000,590.70000000,82.28000000,0.51365000
185,2020-12-12,18808.69000000,568.04000000,76.67000000,0.50658000
186,2020-12-11,18036.53000000,544.43000000,72.20000000,0.54945000
187,2020-12-10,18254.63000000,558.99000000,74.70000000,0.57267000
188,2020-12-09,18541.28000000,573.09000000,77.41000000,0.58265000
189,2020-12-08,18324.11000000,554.94000000,76.76000000,0.55890000
190,2020-12-07,19166.90000000,591.28000000,83.37000000,0.60818000
191,2020-12-06,19359.40000000,601.54000000,83.55000000,0.62107000
192,2020-12-05,19147.66000000,596.80000000,83.14000000,0.58517000
193,2020-12-04,18650.52000000,567.24000000,79.52000000,0.55367000
194,2020-12-03,19421.90000000,615.85000000,89.00000000,0.63046000
195,2020-12-02,19204.09000000,596.89000000,88.90000000,0.62972000
196,2020-12-01,18764.96000000,585.26000000,85.08000000,0.61088000
197,2020-11-30,19695.87000000,616.66000000,87.65000000,0.66417000
198,2020-11-29,18184.99000000,576.30000000,78.91000000,0.60543000
199,2020-11-28,17719.85000000,537.52000000,72.70000000,0.62579000
200,2020-11-27,17139.52000000,518.68000000,69.15000000,0.56230000
201,2020-11-26,17149.47000000,519.83000000,71.00000000,0.53654000
202,2020-11-25,18719.11000000,569.50000000,81.75000000,0.63022000
203,2020-11-24,19160.01000000,604.97000000,89.25000000,0.69400000
204,2020-11-23,18368.00000000,608.58000000,89.03000000,0.61579000
205,2020-11-22,18414.43000000,560.03000000,82.87000000,0.44611000
206,2020-11-21,18703.80000000,552.35000000,87.14000000,0.46283000
207,2020-11-20,18655.67000000,510.12000000,82.53000000,0.32991000
208,2020-11-19,17802.82000000,471.25000000,81.53000000,0.30358000
209,2020-11-18,17776.12000000,478.41000000,73.42000000,0.29335000
210,2020-11-17,17659.38000000,482.15000000,76.32000000,0.30247000
211,2020-11-16,16713.57000000,460.55000000,73.84000000,0.28813000
212,2020-11-15,15957.00000000,448.08000000,62.28000000,0.26954000
213,2020-11-14,16070.45000000,460.89000000,63.85000000,0.26824000
214,2020-11-13,16320.70000000,476.43000000,65.96000000,0.26590000
215,2020-11-12,16291.86000000,462.39000000,60.72000000,0.25490000
216,2020-11-11,15684.24000000,463.09000000,59.27000000,0.25581000
217,2020-11-10,15297.21000000,450.34000000,57.93000000,0.25380000
218,2020-11-09,15328.41000000,444.32000000,59.23000000,0.25059000
219,2020-11-08,15475.10000000,454.30000000,61.02000000,0.25374000
220,2020-11-07,14818.30000000,435.21000000,58.90000000,0.24910000
221,2020-11-06,15579.92000000,455.91000000,63.20000000,0.25863000
222,2020-11-05,15590.02000000,416.69000000,58.95000000,0.24561000
223,2020-11-04,14144.01000000,402.49000000,54.67000000,0.23758000
224,2020-11-03,14023.53000000,387.88000000,53.96000000,0.23960000
225,2020-11-02,13549.37000000,383.02000000,53.80000000,0.23523000
226,2020-11-01,13761.50000000,396.67000000,55.60000000,0.23999000
227,2020-10-31,13791.00000000,386.46000000,55.72000000,0.23968000
228,2020-10-30,13560.10000000,382.49000000,54.01000000,0.23905000
229,2020-10-29,13455.70000000,387.13000000,54.87000000,0.24239000
230,2020-10-28,13266.40000000,388.23000000,55.77000000,0.24540000
231,2020-10-27,13636.17000000,403.45000000,57.91000000,0.25273000
232,2020-10-26,13052.19000000,392.52000000,56.82000000,0.24810000
233,2020-10-25,13028.83000000,405.86000000,58.84000000,0.25313000
234,2020-10-24,13111.73000000,412.14000000,59.23000000,0.25620000
235,2020-10-23,12923.07000000,409.11000000,55.42000000,0.25471000
236,2020-10-22,12968.52000000,413.98000000,54.35000000,0.25709000
237,2020-10-21,12780.96000000,390.38000000,52.98000000,0.25088000
238,2020-10-20,11909.99000000,368.52000000,46.88000000,0.24322000
239,2020-10-19,11751.47000000,379.30000000,47.99000000,0.24558000
240,2020-10-18,11503.14000000,378.11000000,47.54000000,0.24221000
241,2020-10-17,11360.20000000,368.32000000,46.93000000,0.24057000
242,2020-10-16,11319.32000000,365.50000000,47.60000000,0.24011000
243,2020-10-15,11505.12000000,377.64000000,49.53000000,0.24596000
244,2020-10-14,11417.89000000,378.69000000,49.79000000,0.24906000
245,2020-10-13,11420.56000000,381.04000000,49.89000000,0.25650000
246,2020-10-12,11528.25000000,386.51000000,50.58000000,0.25603000
247,2020-10-11,11369.02000000,374.16000000,50.48000000,0.25544000
248,2020-10-10,11293.22000000,370.52000000,48.88000000,0.25402000
249,2020-10-09,11050.64000000,365.02000000,47.78000000,0.25293000
250,2020-10-08,10925.57000000,350.95000000,47.21000000,0.25141000
251,2020-10-07,10666.39000000,341.58000000,46.55000000,0.24870000
252,2020-10-06,10599.66000000,340.75000000,45.99000000,0.24545000
253,2020-10-05,10792.21000000,353.62000000,46.34000000,0.25030000
254,2020-10-04,10666.63000000,352.37000000,46.69000000,0.24794000
255,2020-10-03,10542.06000000,345.95000000,45.51000000,0.23273000
256,2020-10-02,10570.40000000,345.60000000,44.88000000,0.23386000
257,2020-10-01,10619.13000000,352.85000000,46.25000000,0.23819000
258,2020-09-30,10776.59000000,359.83000000,46.24000000,0.24171000
259,2020-09-29,10840.48000000,359.79000000,45.69000000,0.24285000
260,2020-09-28,10696.12000000,353.96000000,45.23000000,0.24107000
261,2020-09-27,10774.25000000,357.49000000,46.05000000,0.24334000
262,2020-09-26,10728.60000000,353.92000000,46.03000000,0.24153000
263,2020-09-25,10686.67000000,351.92000000,46.02000000,0.24154000
264,2020-09-24,10736.32000000,348.97000000,44.92000000,0.23276000
265,2020-09-23,10241.46000000,320.72000000,42.96000000,0.22164000
266,2020-09-22,10529.61000000,344.21000000,44.47000000,0.23302000
267,2020-09-21,10417.22000000,340.36000000,43.16000000,0.23102000
268,2020-09-20,10920.28000000,371.04000000,47.09000000,0.24652000
269,2020-09-19,11080.65000000,385.25000000,48.52000000,0.25112000
270,2020-09-18,10933.39000000,384.39000000,48.54000000,0.25065000
271,2020-09-17,10939.99000000,389.36000000,48.85000000,0.25214000
272,2020-09-16,10954.01000000,365.11000000,47.76000000,0.24686000
273,2020-09-15,10785.31000000,364.06000000,48.31000000,0.24331000
274,2020-09-14,10671.77000000,377.12000000,49.08000000,0.24564000
275,2020-09-13,10332.83000000,366.42000000,48.15000000,0.24218000
276,2020-09-12,10440.92000000,387.78000000,50.80000000,0.24752000
277,2020-09-11,10387.89000000,373.63000000,48.96000000,0.24252000
278,2020-09-10,10336.87000000,367.93000000,48.67000000,0.24302000
279,2020-09-09,10219.20000000,350.85000000,47.82000000,0.23901000
280,2020-09-08,10126.65000000,337.39000000,47.47000000,0.23657000
281,2020-09-07,10373.44000000,353.59000000,48.84000000,0.24198000
282,2020-09-06,10256.20000000,352.80000000,47.92000000,0.23986000
283,2020-09-05,10166.69000000,335.01000000,47.83000000,0.23738000
284,2020-09-04,10446.25000000,385.26000000,50.32000000,0.25385000
285,2020-09-03,10140.85000000,381.40000000,47.28000000,0.24409000
286,2020-09-02,11388.54000000,439.50000000,58.06000000,0.27595000
287,2020-09-01,11921.97000000,475.40000000,62.69000000,0.29521000
288,2020-08-31,11649.51000000,433.79000000,60.92000000,0.28115000
289,2020-08-30,11711.16000000,428.94000000,62.89000000,0.28302000
290,2020-08-29,11465.84000000,398.65000000,56.97000000,0.27380000
291,2020-08-28,11526.91000000,395.11000000,57.38000000,0.27174000
292,2020-08-27,11330.38000000,383.27000000,56.10000000,0.26469000
293,2020-08-26,11461.43000000,385.81000000,58.10000000,0.27653000
294,2020-08-25,11318.42000000,382.93000000,58.34000000,0.27625000
295,2020-08-24,11748.20000000,407.68000000,62.02000000,0.28840000
296,2020-08-23,11648.13000000,390.71000000,60.55000000,0.28480000
297,2020-08-22,11662.96000000,395.24000000,60.21000000,0.28592000
298,2020-08-21,11531.34000000,387.97000000,59.20000000,0.27933000
299,2020-08-20,11853.55000000,415.94000000,62.80000000,0.29218000
300,2020-08-19,11754.59000000,407.46000000,62.12000000,0.28975000
301,2020-08-18,11945.01000000,421.95000000,65.40000000,0.30251000
302,2020-08-17,12281.13000000,430.89000000,67.22000000,0.31539000
303,2020-08-16,11911.00000000,433.62000000,63.87000000,0.30455000
304,2020-08-15,11852.40000000,432.32000000,59.85000000,0.29884000
305,2020-08-14,11760.54000000,438.11000000,56.78000000,0.29995000
306,2020-08-13,11780.00000000,424.54000000,57.14000000,0.29420000
307,2020-08-12,11564.33000000,387.18000000,54.52000000,0.28233000
308,2020-08-11,11392.08000000,379.00000000,54.10000000,0.28310000
309,2020-08-10,11892.92000000,395.44000000,58.27000000,0.29469000
310,2020-08-09,11681.68000000,390.14000000,56.96000000,0.28790000
311,2020-08-08,11761.41000000,397.03000000,58.46000000,0.29527000
312,2020-08-07,11594.23000000,379.34000000,57.17000000,0.29437000
313,2020-08-06,11762.46000000,394.77000000,59.03000000,0.30311000
314,2020-08-05,11744.91000000,400.72000000,58.88000000,0.30228000
315,2020-08-04,11191.97000000,389.61000000,57.61000000,0.30138000
316,2020-08-03,11219.81000000,385.94000000,58.48000000,0.31016000
317,2020-08-02,11071.35000000,372.42000000,56.77000000,0.28803000
318,2020-08-01,11801.17000000,387.00000000,61.65000000,0.29089000
319,2020-07-31,11335.46000000,346.33000000,58.13000000,0.25939000
320,2020-07-30,11099.61000000,334.87000000,56.75000000,0.24408000
321,2020-07-29,11100.53000000,317.71000000,55.16000000,0.24327000
322,2020-07-28,10906.27000000,316.77000000,55.75000000,0.23029000
323,2020-07-27,11029.96000000,321.93000000,53.28000000,0.22437000
324,2020-07-26,9931.54000000,311.00000000,48.10000000,0.21532000
325,2020-07-25,9700.42000000,305.26000000,49.16000000,0.21463000
326,2020-07-24,9537.80000000,279.15000000,44.11000000,0.20392000
327,2020-07-23,9603.27000000,275.30000000,44.94000000,0.20851000
328,2020-07-22,9518.16000000,263.74000000,44.96000000,0.20348000
329,2020-07-21,9390.00000000,245.59000000,43.77000000,0.19949000
330,2020-07-20,9160.78000000,236.01000000,41.94000000,0.19465000
331,2020-07-19,9208.99000000,239.11000000,42.64000000,0.19956000
332,2020-07-18,9170.28000000,235.67000000,42.45000000,0.19990000
333,2020-07-17,9154.32000000,232.67000000,41.90000000,0.19440000
334,2020-07-16,9133.72000000,233.57000000,42.09000000,0.19444000
335,2020-07-15,9197.60000000,238.61000000,43.33000000,0.19721000
336,2020-07-14,9255.85000000,240.44000000,43.88000000,0.19909000
337,2020-07-13,9242.62000000,239.50000000,43.92000000,0.19867000
338,2020-07-12,9302.75000000,242.79000000,44.70000000,0.20128000
339,2020-07-11,9234.03000000,239.19000000,44.69000000,0.20110000
340,2020-07-10,9288.34000000,241.26000000,44.30000000,0.19909000
341,2020-07-09,9232.43000000,241.98000000,44.33000000,0.20263000
342,2020-07-08,9436.06000000,246.95000000,45.35000000,0.20551000
343,2020-07-07,9257.39000000,239.39000000,43.39000000,0.18508000
344,2020-07-06,9344.20000000,241.60000000,44.06000000,0.18875000
345,2020-07-05,9069.41000000,227.56000000,41.58000000,0.17695000
346,2020-07-04,9135.46000000,229.17000000,42.11000000,0.17808000
347,2020-07-03,9058.26000000,224.87000000,41.14000000,0.17620000
348,2020-07-02,9086.54000000,226.46000000,41.05000000,0.17477000
349,2020-07-01,9232.00000000,230.99000000,41.77000000,0.17647000
350,2020-06-30,9138.55000000,225.60000000,41.17000000,0.17533000
351,2020-06-29,9192.56000000,227.93000000,41.87000000,0.17726000
352,2020-06-28,9116.35000000,224.93000000,41.37000000,0.17693000
353,2020-06-27,9012.00000000,220.94000000,41.06000000,0.17509000
354,2020-06-26,9162.21000000,229.64000000,43.09000000,0.18249000
355,2020-06-25,9249.49000000,232.50000000,42.35000000,0.18156000
356,2020-06-24,9296.49000000,234.58000000,42.65000000,0.18348000
357,2020-06-23,9624.89000000,243.14000000,44.18000000,0.18889000
358,2020-06-22,9685.69000000,243.13000000,44.30000000,0.18928000
359,2020-06-21,9294.69000000,228.04000000,43.00000000,0.18602000
360,2020-06-20,9358.95000000,228.89000000,43.57000000,0.18792000
361,2020-06-19,9310.23000000,229.00000000,42.89000000,0.18722000
362,2020-06-18,9386.32000000,231.27000000,43.43000000,0.18975000
363,2020-06-17,9465.14000000,233.82000000,44.07000000,0.19315000
364,2020-06-16,9525.59000000,235.30000000,43.88000000,0.19238000
365,2020-06-15,9426.02000000,230.86000000,43.73000000,0.19238000
366,2020-06-14,9342.10000000,231.77000000,44.05000000,0.19022000
367,2020-06-13,9473.34000000,238.11000000,45.08000000,0.19234000
368,2020-06-12,9465.13000000,237.55000000,44.72000000,0.19307000
369,2020-06-11,9280.40000000,230.51000000,43.22000000,0.18817000
370,2020-06-10,9885.00000000,247.78000000,46.63000000,0.20266000
371,2020-06-09,9772.43000000,243.80000000,45.87000000,0.20127000
372,2020-06-08,9782.01000000,246.40000000,46.43000000,0.20403000
373,2020-06-07,9746.99000000,244.56000000,46.63000000,0.20329000
374,2020-06-06,9666.30000000,241.94000000,46.79000000,0.20361000
375,2020-06-05,9621.16000000,240.03000000,46.83000000,0.20274000
376,2020-06-04,9789.06000000,243.21000000,47.43000000,0.20427000
377,2020-06-03,9666.24000000,244.52000000,47.16000000,0.20410000
378,2020-06-02,9518.04000000,237.71000000,45.99000000,0.20301000
379,2020-06-01,10200.77000000,248.23000000,48.25000000,0.21100000
380,2020-05-31,9448.27000000,231.57000000,45.61000000,0.20245000
381,2020-05-30,9697.72000000,243.66000000,47.72000000,0.20701000
382,2020-05-29,9427.07000000,220.67000000,44.47000000,0.19759000
383,2020-05-28,9575.89000000,220.21000000,44.77000000,0.20052000
384,2020-05-27,9204.07000000,208.29000000,43.85000000,0.19791000
385,2020-05-26,8841.18000000,200.89000000,42.27000000,0.19372000
386,2020-05-25,8900.35000000,204.15000000,42.97000000,0.19622000
387,2020-05-24,8720.34000000,199.90000000,42.08000000,0.19256000
388,2020-05-23,9179.15000000,206.60000000,43.85000000,0.19883000
389,2020-05-22,9170.00000000,207.36000000,44.23000000,0.20034000
390,2020-05-21,9068.65000000,198.74000000,42.73000000,0.19434000
391,2020-05-20,9511.43000000,209.98000000,44.25000000,0.20179000
392,2020-05-19,9775.53000000,214.58000000,45.73000000,0.20496000
393,2020-05-18,9733.93000000,214.91000000,45.32000000,0.20543000
394,2020-05-17,9680.04000000,207.00000000,43.71000000,0.20131000
395,2020-05-16,9381.27000000,200.45000000,43.25000000,0.19969000
396,2020-05-15,9316.42000000,194.86000000,42.74000000,0.19818000
397,2020-05-14,9791.98000000,203.29000000,43.98000000,0.20386000
398,2020-05-13,9309.37000000,199.58000000,43.18000000,0.20177000
399,2020-05-12,8810.79000000,189.76000000,42.18000000,0.19711000
400,2020-05-11,8561.52000000,185.73000000,41.51000000,0.19254000
401,2020-05-10,8722.77000000,187.54000000,42.06000000,0.19702000
402,2020-05-09,9539.40000000,210.07000000,46.95000000,0.21642000
403,2020-05-08,9800.01000000,211.31000000,47.69000000,0.21865000
404,2020-05-07,9986.40000000,212.00000000,47.37000000,0.21862000
405,2020-05-06,9142.92000000,198.97000000,44.94000000,0.21158000
406,2020-05-05,9021.83000000,205.29000000,46.54000000,0.21688000
407,2020-05-04,8871.96000000,206.48000000,46.96000000,0.21776000
408,2020-05-03,8894.16000000,209.86000000,48.05000000,0.21936000
409,2020-05-02,8972.05000000,213.90000000,49.20000000,0.22369000
410,2020-05-01,8826.96000000,212.02000000,47.07000000,0.21786000
411,2020-04-30,8620.00000000,206.08000000,46.33000000,0.21135000
412,2020-04-29,8778.57000000,215.36000000,48.81000000,0.22648000
413,2020-04-28,7738.98000000,196.24000000,45.69000000,0.21416000
414,2020-04-27,7774.62000000,196.34000000,44.46000000,0.19747000
415,2020-04-26,7693.10000000,197.38000000,44.52000000,0.19618000
416,2020-04-25,7538.67000000,194.21000000,44.38000000,0.19418000
417,2020-04-24,7505.00000000,187.59000000,44.53000000,0.19325000
418,2020-04-23,7482.39000000,185.51000000,42.98000000,0.19260000
419,2020-04-22,7125.14000000,182.70000000,41.80000000,0.18804000
420,2020-04-21,6841.37000000,170.74000000,40.59000000,0.18341000
421,2020-04-20,6826.83000000,170.20000000,40.21000000,0.18151000
422,2020-04-19,7120.74000000,180.03000000,42.23000000,0.18901000
423,2020-04-18,7248.60000000,187.40000000,44.14000000,0.19544000
424,2020-04-17,7027.55000000,170.69000000,42.19000000,0.18863000
425,2020-04-16,7101.94000000,172.29000000,42.53000000,0.19053000
426,2020-04-15,6621.24000000,152.73000000,39.22000000,0.18050000
427,2020-04-14,6868.70000000,158.45000000,41.22000000,0.18613000
428,2020-04-13,6837.91000000,156.29000000,41.22000000,0.18763000
429,2020-04-12,6903.79000000,158.59000000,42.00000000,0.18939000
430,2020-04-11,6876.83000000,158.33000000,42.54000000,0.18850000
431,2020-04-10,6858.92000000,157.81000000,42.25000000,0.18758000
432,2020-04-09,7283.54000000,169.52000000,46.21000000,0.19829000
433,2020-04-08,7361.28000000,173.11000000,46.55000000,0.20192000
434,2020-04-07,7197.32000000,164.63000000,44.77000000,0.19285000
435,2020-04-06,7329.90000000,171.32000000,45.04000000,0.19803000
436,2020-04-05,6772.78000000,142.68000000,40.31000000,0.17925000
437,2020-04-04,6856.99000000,144.10000000,40.71000000,0.18114000
438,2020-04-03,6734.10000000,141.31000000,40.46000000,0.17957000
439,2020-04-02,6794.09000000,141.28000000,39.86000000,0.17828000
440,2020-04-01,6642.92000000,135.69000000,39.23000000,0.17494000
441,2020-03-31,6410.44000000,132.72000000,39.08000000,0.17353000
442,2020-03-30,6394.38000000,132.06000000,38.91000000,0.17112000
443,2020-03-29,5881.42000000,124.50000000,37.11000000,0.16278000
444,2020-03-28,6236.65000000,130.98000000,38.87000000,0.17543000
445,2020-03-27,6359.11000000,131.33000000,38.04000000,0.17269000
446,2020-03-26,6737.36000000,138.40000000,40.41000000,0.17593000
447,2020-03-25,6677.43000000,136.10000000,39.17000000,0.16168000
448,2020-03-24,6744.72000000,138.42000000,40.57000000,0.16225000
449,2020-03-23,6467.31000000,135.92000000,38.94000000,0.15854000
450,2020-03-22,5816.19000000,122.32000000,35.40000000,0.14776000
451,2020-03-21,6186.98000000,132.66000000,38.32000000,0.15797000
452,2020-03-20,6208.36000000,133.48000000,38.08000000,0.15695000
453,2020-03-19,6162.37000000,136.30000000,38.90000000,0.16460000
454,2020-03-18,5393.04000000,118.11000000,34.71000000,0.14760000
455,2020-03-17,5312.64000000,115.67000000,34.07000000,0.14694000
456,2020-03-16,5028.97000000,111.02000000,33.20000000,0.14102000
457,2020-03-15,5361.30000000,123.78000000,36.38000000,0.15308000
458,2020-03-14,5172.06000000,122.54000000,34.40000000,0.14588000
459,2020-03-13,5578.60000000,134.06000000,37.52000000,0.15872000
460,2020-03-12,4800.00000000,107.82000000,29.83000000,0.13549000
461,2020-03-11,7934.52000000,194.61000000,48.53000000,0.20813000
462,2020-03-10,7894.56000000,200.70000000,50.26000000,0.21185000
463,2020-03-09,7929.87000000,202.81000000,50.39000000,0.20952000
464,2020-03-08,8033.31000000,199.43000000,51.00000000,0.20385000
465,2020-03-07,8886.66000000,237.23000000,60.46000000,0.23622000
466,2020-03-06,9131.88000000,244.88000000,63.22000000,0.24477000
467,2020-03-05,9054.68000000,228.38000000,62.06000000,0.23909000
468,2020-03-04,8750.87000000,224.26000000,60.38000000,0.23453000
469,2020-03-03,8760.07000000,223.91000000,61.01000000,0.23428000
470,2020-03-02,8915.24000000,231.97000000,61.42000000,0.23958000
471,2020-03-01,8531.88000000,217.81000000,57.70000000,0.22696000
472,2020-02-29,8523.61000000,217.21000000,58.05000000,0.22892000
473,2020-02-28,8692.91000000,226.76000000,59.89000000,0.23663000
474,2020-02-27,8823.21000000,227.79000000,61.77000000,0.23850000
475,2020-02-26,8785.25000000,223.93000000,60.53000000,0.22915000
476,2020-02-25,9315.84000000,246.67000000,70.98000000,0.25209000
477,2020-02-24,9656.13000000,265.52000000,75.59000000,0.27040000
478,2020-02-23,9936.40000000,274.48000000,79.52000000,0.28298000
479,2020-02-22,9650.86000000,261.57000000,74.79000000,0.27468000
480,2020-02-21,9677.05000000,265.27000000,73.25000000,0.27418000
481,2020-02-20,9596.42000000,256.96000000,69.40000000,0.27090000
482,2020-02-19,9593.79000000,258.45000000,70.61000000,0.27466000
483,2020-02-18,10164.71000000,282.61000000,77.25000000,0.29827000
484,2020-02-17,9706.00000000,267.85000000,73.41000000,0.28736000
485,2020-02-16,9917.27000000,258.85000000,74.67000000,0.29224000
486,2020-02-15,9904.72000000,264.88000000,76.70000000,0.30729000
487,2020-02-14,10344.36000000,285.15000000,83.14000000,0.33594000
488,2020-02-13,10229.63000000,268.32000000,80.55000000,0.32709000
489,2020-02-12,10326.46000000,265.74000000,81.17000000,0.30427000
490,2020-02-11,10223.08000000,236.69000000,76.46000000,0.28100000
491,2020-02-10,9851.83000000,222.89000000,74.02000000,0.27338000
492,2020-02-09,10151.75000000,228.49000000,77.00000000,0.28257000
493,2020-02-08,9895.05000000,223.05000000,76.56000000,0.27735000
494,2020-02-07,9813.73000000,223.33000000,74.30000000,0.27953000
495,2020-02-06,9772.00000000,213.19000000,73.60000000,0.28325000
496,2020-02-05,9612.04000000,203.78000000,72.59000000,0.27774000
497,2020-02-04,9197.02000000,188.91000000,68.07000000,0.26737000
498,2020-02-03,9292.24000000,189.69000000,69.65000000,0.25453000
499,2020-02-02,9331.51000000,188.44000000,69.93000000,0.25093000
500,2020-02-01,9384.61000000,183.60000000,70.72000000,0.24141000
501,2020-01-31,9352.89000000,179.99000000,68.00000000,0.23946000
502,2020-01-30,9513.21000000,184.69000000,67.98000000,0.24376000
503,2020-01-29,9301.53000000,173.72000000,59.80000000,0.23539000
504,2020-01-28,9374.21000000,175.64000000,60.52000000,0.23906000
505,2020-01-27,8907.57000000,170.08000000,58.55000000,0.23077000
506,2020-01-26,8615.00000000,167.86000000,56.24000000,0.23131000
507,2020-01-25,8340.58000000,160.35000000,53.25000000,0.21946000
508,2020-01-24,8439.00000000,162.54000000,54.38000000,0.22222000
509,2020-01-23,8404.52000000,162.81000000,54.52000000,0.22586000
510,2020-01-22,8682.36000000,168.07000000,58.33000000,0.23733000
511,2020-01-21,8736.03000000,169.49000000,57.57000000,0.23726000
512,2020-01-20,8642.35000000,166.87000000,57.19000000,0.23314000
513,2020-01-19,8701.70000000,166.79000000,57.60000000,0.23558000
514,2020-01-18,8915.96000000,174.14000000,59.32000000,0.24357000
515,2020-01-17,8913.28000000,169.85000000,61.02000000,0.23921000
516,2020-01-16,8720.01000000,164.21000000,57.56000000,0.22900000
517,2020-01-15,8821.41000000,166.40000000,58.16000000,0.23367000
518,2020-01-14,8810.01000000,165.64000000,58.39000000,0.23464000
519,2020-01-13,8110.34000000,143.58000000,49.60000000,0.21134000
520,2020-01-12,8184.98000000,146.54000000,51.43000000,0.21539000
521,2020-01-11,8020.01000000,142.38000000,49.30000000,0.21121000
522,2020-01-10,8197.02000000,144.84000000,49.06000000,0.21284000
523,2020-01-09,7817.76000000,137.74000000,44.74000000,0.20373000
524,2020-01-08,8055.98000000,140.72000000,45.35000000,0.20750000
525,2020-01-07,8145.28000000,142.80000000,46.30000000,0.21335000
526,2020-01-06,7758.00000000,144.15000000,45.80000000,0.22310000
527,2020-01-05,7358.75000000,135.37000000,43.30000000,0.19453000
528,2020-01-04,7354.11000000,134.20000000,42.78000000,0.19305000
529,2020-01-03,7344.96000000,134.35000000,42.23000000,0.19338000
530,2020-01-02,6965.71000000,127.19000000,39.43000000,0.18750000
531,2020-01-01,7200.85000000,130.77000000,41.62000000,0.19305000
532,2019-12-31,7195.23000000,129.16000000,41.30000000,0.19295000
533,2019-12-30,7246.00000000,131.59000000,42.38000000,0.19326000
534,2019-12-29,7388.24000000,134.36000000,43.08000000,0.19653000
535,2019-12-28,7316.14000000,128.11000000,42.83000000,0.19320000
536,2019-12-27,7254.74000000,126.29000000,40.95000000,0.19003000
537,2019-12-26,7202.00000000,125.58000000,40.01000000,0.18923000
538,2019-12-25,7204.63000000,125.09000000,40.08000000,0.18852000
539,2019-12-24,7255.77000000,127.75000000,40.34000000,0.19077000
540,2019-12-23,7317.09000000,127.80000000,40.56000000,0.18953000
541,2019-12-22,7501.44000000,132.09000000,41.82000000,0.19649000
542,2019-12-21,7132.75000000,126.99000000,39.67000000,0.19143000
543,2019-12-20,7187.83000000,128.19000000,40.17000000,0.19521000
544,2019-12-19,7150.30000000,128.10000000,39.65000000,0.18780000
545,2019-12-18,7277.83000000,132.78000000,40.79000000,0.19573000
546,2019-12-17,6623.82000000,121.88000000,36.92000000,0.18310000
547,2019-12-16,6891.72000000,132.73000000,39.99000000,0.20550000
548,2019-12-15,7118.59000000,142.46000000,43.44000000,0.21735000
549,2019-12-14,7064.05000000,141.79000000,43.25000000,0.21605000
550,2019-12-13,7258.48000000,144.80000000,44.44000000,0.22054000
551,2019-12-12,7198.08000000,144.87000000,43.65000000,0.21837000
552,2019-12-11,7210.00000000,143.39000000,43.70000000,0.22093000
553,2019-12-10,7224.13000000,145.56000000,44.09000000,0.22256000
554,2019-12-09,7338.64000000,147.38000000,44.45000000,0.22445000
555,2019-12-08,7510.11000000,150.44000000,45.56000000,0.22909000
556,2019-12-07,7488.21000000,147.14000000,45.15000000,0.22699000
557,2019-12-06,7527.47000000,148.45000000,45.28000000,0.22546000
558,2019-12-05,7389.00000000,148.10000000,44.81000000,0.22118000
559,2019-12-04,7194.32000000,145.38000000,44.67000000,0.21390000
560,2019-12-03,7292.71000000,147.17000000,44.75000000,0.21951000
561,2019-12-02,7294.28000000,148.65000000,45.45000000,0.21914000
562,2019-12-01,7390.89000000,150.73000000,47.45000000,0.22477000
563,2019-11-30,7541.89000000,151.37000000,47.21000000,0.22550000
564,2019-11-29,7739.68000000,154.57000000,48.54000000,0.22998000
565,2019-11-28,7419.49000000,150.72000000,46.79000000,0.22313000
566,2019-11-27,7508.52000000,152.62000000,47.70000000,0.22400000
567,2019-11-26,7156.14000000,147.47000000,46.91000000,0.22060000
568,2019-11-25,7109.57000000,145.69000000,45.47000000,0.21731000
569,2019-11-24,6903.28000000,139.96000000,43.86000000,0.21989000
570,2019-11-23,7311.57000000,151.84000000,48.10000000,0.23407000
571,2019-11-22,7268.23000000,149.56000000,47.32000000,0.23000000
572,2019-11-21,7627.74000000,161.01000000,50.61000000,0.24345000
573,2019-11-20,8098.01000000,174.72000000,54.98000000,0.25014000
574,2019-11-19,8133.64000000,175.94000000,55.13000000,0.25398000
575,2019-11-18,8187.17000000,178.20000000,55.81000000,0.25179000
576,2019-11-17,8502.40000000,183.82000000,59.22000000,0.26311000
577,2019-11-16,8491.02000000,182.37000000,58.30000000,0.26218000
578,2019-11-15,8471.73000000,180.00000000,57.60000000,0.26069000
579,2019-11-14,8646.68000000,184.92000000,59.00000000,0.26795000
580,2019-11-13,8777.12000000,188.11000000,60.96000000,0.27202000
581,2019-11-12,8821.94000000,187.09000000,61.42000000,0.27222000
582,2019-11-11,8733.27000000,184.98000000,61.84000000,0.27423000
583,2019-11-10,9039.47000000,188.96000000,63.65000000,0.27894000
584,2019-11-09,8809.41000000,184.89000000,62.04000000,0.27990000
585,2019-11-08,8773.73000000,183.74000000,60.38000000,0.27547000
586,2019-11-07,9216.20000000,186.68000000,61.39000000,0.29061000
587,2019-11-06,9339.05000000,191.16000000,64.11000000,0.31009000
588,2019-11-05,9308.66000000,188.68000000,63.12000000,0.30061000
589,2019-11-04,9393.35000000,185.71000000,61.29000000,0.29863000
590,2019-11-03,9194.71000000,181.54000000,58.29000000,0.29024000
591,2019-11-02,9289.52000000,182.91000000,58.25000000,0.29456000
592,2019-11-01,9231.61000000,182.85000000,58.23000000,0.29146000
593,2019-10-31,9140.85000000,182.18000000,58.29000000,0.29452000
594,2019-10-30,9154.72000000,183.13000000,57.89000000,0.29471000
595,2019-10-29,9407.62000000,190.46000000,59.75000000,0.30192000
596,2019-10-28,9205.14000000,181.72000000,57.70000000,0.29447000
597,2019-10-27,9529.93000000,183.75000000,59.78000000,0.29818000
598,2019-10-26,9230.00000000,179.49000000,56.71000000,0.29351000
599,2019-10-25,8655.02000000,181.50000000,56.93000000,0.29829000
600,2019-10-24,7412.41000000,160.38000000,49.54000000,0.27596000
601,2019-10-23,7466.62000000,162.35000000,49.50000000,0.27306000
602,2019-10-22,8020.00000000,171.20000000,53.39000000,0.29046000
603,2019-10-21,8197.27000000,173.98000000,54.57000000,0.29187000
604,2019-10-20,8223.35000000,175.22000000,54.85000000,0.29386000
605,2019-10-19,7948.01000000,171.79000000,53.72000000,0.29145000
606,2019-10-18,7947.01000000,172.74000000,53.21000000,0.29404000
607,2019-10-17,8070.58000000,177.16000000,54.94000000,0.30167000
608,2019-10-16,7991.74000000,174.47000000,52.45000000,0.28331000
609,2019-10-15,8159.29000000,180.49000000,54.58000000,0.28859000
610,2019-10-14,8348.20000000,186.72000000,56.83000000,0.29727000
611,2019-10-13,8275.01000000,180.99000000,56.46000000,0.27726000
612,2019-10-12,8300.09000000,179.68000000,55.70000000,0.27226000
613,2019-10-11,8258.50000000,180.72000000,55.85000000,0.26743000
614,2019-10-10,8558.03000000,191.14000000,57.47000000,0.27021000
615,2019-10-09,8560.74000000,192.62000000,59.12000000,0.28082000
616,2019-10-08,8168.39000000,180.60000000,56.94000000,0.27740000
617,2019-10-07,8190.09000000,179.85000000,57.46000000,0.27592000
618,2019-10-06,7854.25000000,170.10000000,54.41000000,0.25552000
619,2019-10-05,8126.19000000,176.25000000,56.69000000,0.25325000
620,2019-10-04,8137.13000000,175.55000000,56.30000000,0.25243000
621,2019-10-03,8223.96000000,174.69000000,56.44000000,0.24674000
622,2019-10-02,8359.94000000,180.24000000,56.23000000,0.25247000
623,2019-10-01,8292.44000000,175.66000000,55.63000000,0.24788000
624,2019-09-30,8289.34000000,180.85000000,55.99000000,0.25660000
625,2019-09-29,8043.82000000,169.24000000,53.82000000,0.24024000
626,2019-09-28,8198.81000000,173.49000000,55.37000000,0.24163000
627,2019-09-27,8177.91000000,173.79000000,55.86000000,0.24208000
628,2019-09-26,8063.73000000,165.92000000,55.19000000,0.24220000
629,2019-09-25,8430.05000000,169.96000000,57.43000000,0.24570000
630,2019-09-24,8493.14000000,165.81000000,54.57000000,0.23282000
631,2019-09-23,9702.25000000,201.29000000,66.54000000,0.26786000
632,2019-09-22,10028.87000000,211.20000000,72.23000000,0.27653000
633,2019-09-21,9986.39000000,215.05000000,73.22000000,0.28961000
634,2019-09-20,10168.59000000,218.03000000,75.05000000,0.29360000
635,2019-09-19,10244.29000000,220.24000000,76.56000000,0.30062000
636,2019-09-18,10156.99000000,210.21000000,77.81000000,0.31344000
637,2019-09-17,10187.82000000,207.84000000,74.04000000,0.28561000
638,2019-09-16,10251.31000000,197.22000000,72.63000000,0.26098000
639,2019-09-15,10302.01000000,189.03000000,70.04000000,0.26022000
640,2019-09-14,10335.02000000,188.13000000,70.50000000,0.26124000
641,2019-09-13,10342.06000000,180.95000000,68.93000000,0.25520000
642,2019-09-12,10415.01000000,180.72000000,69.15000000,0.25406000
643,2019-09-11,10158.33000000,178.28000000,69.80000000,0.25519000
644,2019-09-10,10098.15000000,179.81000000,70.85000000,0.25859000
645,2019-09-09,10303.12000000,180.54000000,69.89000000,0.25855000
646,2019-09-08,10381.18000000,181.19000000,70.36000000,0.26205000
647,2019-09-07,10455.88000000,177.62000000,68.77000000,0.25993000
648,2019-09-06,10298.73000000,169.08000000,64.87000000,0.25110000
649,2019-09-05,10564.49000000,173.75000000,65.23000000,0.25617000
650,2019-09-04,10567.02000000,174.72000000,67.01000000,0.25843000
651,2019-09-03,10615.28000000,178.75000000,69.06000000,0.26242000
652,2019-09-02,10340.00000000,178.05000000,66.92000000,0.26060000
653,2019-09-01,9724.98000000,170.74000000,65.89000000,0.25593000
654,2019-08-31,9587.47000000,171.57000000,64.24000000,0.25747000
655,2019-08-30,9584.54000000,168.50000000,64.17000000,0.25539000
656,2019-08-29,9498.44000000,169.01000000,63.59000000,0.25698000
657,2019-08-28,9721.00000000,173.03000000,66.73000000,0.25629000
658,2019-08-27,10185.05000000,187.24000000,72.90000000,0.26954000
659,2019-08-26,10372.25000000,188.67000000,73.54000000,0.27051000
660,2019-08-25,10142.69000000,186.54000000,72.10000000,0.26954000
661,2019-08-24,10134.35000000,190.60000000,73.32000000,0.27137000
662,2019-08-23,10389.55000000,194.02000000,75.38000000,0.27664000
663,2019-08-22,10099.88000000,190.35000000,73.31000000,0.27039000
664,2019-08-21,10142.57000000,187.45000000,73.27000000,0.26589000
665,2019-08-20,10760.51000000,196.60000000,75.14000000,0.27432000
666,2019-08-19,10915.54000000,202.28000000,77.10000000,0.28202000
667,2019-08-18,10306.78000000,194.33000000,76.25000000,0.28320000
668,2019-08-17,10216.02000000,185.59000000,72.65000000,0.26546000
669,2019-08-16,10331.54000000,184.88000000,74.67000000,0.26047000
670,2019-08-15,10293.93000000,188.03000000,76.25000000,0.26378000
671,2019-08-14,10050.37000000,187.10000000,75.90000000,0.26353000
672,2019-08-13,10892.71000000,209.30000000,84.88000000,0.29800000
673,2019-08-12,11396.08000000,211.41000000,85.79000000,0.30060000
674,2019-08-11,11549.97000000,216.42000000,89.93000000,0.30316000
675,2019-08-10,11309.31000000,206.48000000,85.46000000,0.29918000
676,2019-08-09,11879.99000000,210.53000000,84.24000000,0.29649000
677,2019-08-08,11999.77000000,221.39000000,90.15000000,0.30825000
678,2019-08-07,11975.03000000,226.10000000,90.59000000,0.31109000
679,2019-08-06,11481.69000000,226.28000000,92.99000000,0.31160000
680,2019-08-05,11828.80000000,233.54000000,96.56000000,0.32242000
681,2019-08-04,10929.23000000,221.79000000,92.64000000,0.31813000
682,2019-08-03,10816.86000000,222.14000000,94.17000000,0.31596000
683,2019-08-02,10523.75000000,217.61000000,94.76000000,0.31178000
684,2019-08-01,10374.99000000,216.84000000,98.64000000,0.31575000
685,2019-07-31,10080.53000000,218.42000000,98.76000000,0.31959000
686,2019-07-30,9574.21000000,209.58000000,90.15000000,0.31823000
687,2019-07-29,9507.64000000,210.89000000,90.33000000,0.31004000
688,2019-07-28,9541.54000000,211.62000000,90.00000000,0.31218000
689,2019-07-27,9476.52000000,207.30000000,88.79000000,0.30965000
690,2019-07-26,9824.00000000,218.81000000,94.06000000,0.32303000
691,2019-07-25,9879.87000000,219.14000000,93.22000000,0.31335000
692,2019-07-24,9763.28000000,216.31000000,94.50000000,0.31548000
693,2019-07-23,9864.91000000,212.48000000,90.15000000,0.30891000
694,2019-07-22,10340.31000000,217.51000000,95.31000000,0.32111000
695,2019-07-21,10589.45000000,225.38000000,99.70000000,0.33075000
696,2019-07-20,10740.23000000,228.20000000,100.25000000,0.33279000
697,2019-07-19,10504.29000000,220.73000000,98.23000000,0.31880000
698,2019-07-18,10627.16000000,225.73000000,101.16000000,0.32035000
699,2019-07-17,9667.92000000,210.81000000,89.95000000,0.31032000
700,2019-07-16,9439.59000000,198.88000000,79.61000000,0.29543000
701,2019-07-15,10838.72000000,228.20000000,90.43000000,0.31287000
702,2019-07-14,10174.18000000,225.85000000,89.66000000,0.30366000
703,2019-07-13,11355.76000000,268.79000000,101.03000000,0.33206000
704,2019-07-12,11757.22000000,274.62000000,104.86000000,0.34336000
705,2019-07-11,11342.89000000,268.63000000,102.98000000,0.32875000
706,2019-07-10,12108.37000000,289.23000000,108.31000000,0.36154000
707,2019-07-09,12543.41000000,307.46000000,119.24000000,0.39362000
708,2019-07-08,12238.60000000,311.97000000,122.92000000,0.40073000
709,2019-07-07,11406.24000000,304.72000000,119.48000000,0.39651000
710,2019-07-06,11256.49000000,288.29000000,118.31000000,0.39031000
711,2019-07-05,10970.73000000,287.47000000,118.35000000,0.37881000
712,2019-07-04,11145.67000000,282.73000000,119.61000000,0.38723000
713,2019-07-03,11940.00000000,301.14000000,121.36000000,0.40456000
714,2019-07-02,10842.85000000,291.48000000,118.77000000,0.39794000
715,2019-07-01,10624.93000000,295.07000000,123.17000000,0.40691000
716,2019-06-30,10854.10000000,292.70000000,123.25000000,0.39620000
717,2019-06-29,11903.13000000,317.62000000,133.86000000,0.42620000
718,2019-06-28,12400.63000000,311.05000000,120.01000000,0.42610000
719,2019-06-27,11329.99000000,298.35000000,116.01000000,0.41049000
720,2019-06-26,13093.80000000,339.39000000,132.25000000,0.46805000
721,2019-06-25,11820.86000000,318.26000000,136.33000000,0.46809000
722,2019-06-24,11056.59000000,311.64000000,135.77000000,0.47385000
723,2019-06-23,10906.07000000,308.52000000,137.50000000,0.47015000
724,2019-06-22,10729.50000000,310.79000000,142.26000000,0.47729000
725,2019-06-21,10159.86000000,294.35000000,138.28000000,0.44250000
726,2019-06-20,9517.12000000,271.22000000,135.46000000,0.42995000
727,2019-06-19,9255.49000000,268.14000000,136.43000000,0.43406000
728,2019-06-18,9081.55000000,264.66000000,135.22000000,0.42694000
729,2019-06-17,9313.96000000,273.16000000,133.80000000,0.44705000
730,2019-06-16,8953.33000000,267.73000000,136.45000000,0.42703000
731,2019-06-15,8808.70000000,267.82000000,137.54000000,0.40950000
732,2019-06-14,8650.00000000,262.47000000,132.00000000,0.40201000
733,2019-06-13,8218.54000000,254.67000000,130.55000000,0.39876000
734,2019-06-12,8127.64000000,261.15000000,135.32000000,0.40074000
735,2019-06-11,7884.90000000,244.29000000,135.69000000,0.39192000
736,2019-06-10,7982.75000000,246.51000000,129.15000000,0.39990000
737,2019-06-09,7628.13000000,230.98000000,114.66000000,0.38527000
738,2019-06-08,7893.62000000,243.25000000,118.01000000,0.40699000
739,2019-06-07,7980.53000000,248.77000000,116.71000000,0.41886000
740,2019-06-06,7786.70000000,248.76000000,111.19000000,0.41937000
741,2019-06-05,7776.50000000,245.63000000,103.66000000,0.40010000
742,2019-06-04,7687.03000000,241.39000000,102.20000000,0.39878000
743,2019-06-03,8115.82000000,249.91000000,105.99000000,0.41731000
744,2019-06-02,8725.98000000,268.88000000,114.39000000,0.44396000
745,2019-06-01,8544.07000000,264.33000000,112.35000000,0.42894000
746,2019-05-31,8555.00000000,267.90000000,114.60000000,0.43851000
747,2019-05-30,8269.54000000,254.56000000,107.78000000,0.41789000
748,2019-05-29,8645.68000000,268.83000000,115.06000000,0.44307000
749,2019-05-28,8715.64000000,271.03000000,114.81000000,0.44877000
750,2019-05-27,8756.32000000,270.53000000,116.30000000,0.43331000
751,2019-05-26,8614.43000000,264.45000000,111.00000000,0.40372000
752,2019-05-25,8025.41000000,250.22000000,102.66000000,0.38520000
753,2019-05-24,7964.87000000,248.87000000,100.50000000,0.38286000
754,2019-05-23,7851.51000000,244.56000000,88.61000000,0.37956000
755,2019-05-22,7628.43000000,243.64000000,87.74000000,0.37183000
756,2019-05-21,7904.87000000,253.43000000,90.79000000,0.39524000
757,2019-05-20,7938.15000000,250.37000000,91.10000000,0.39636000
758,2019-05-19,8148.48000000,259.51000000,94.58000000,0.41631000
759,2019-05-18,7257.45000000,233.60000000,86.51000000,0.37183000
760,2019-05-17,7355.26000000,244.30000000,89.76000000,0.38862000
761,2019-05-16,7866.59000000,264.25000000,95.49000000,0.41876000
762,2019-05-15,8169.87000000,248.10000000,102.02000000,0.45734000
763,2019-05-14,7947.56000000,216.40000000,91.17000000,0.40900000
764,2019-05-13,7790.71000000,195.84000000,87.16000000,0.32409000
765,2019-05-12,6967.31000000,188.11000000,84.73000000,0.31016000
766,2019-05-11,7076.22000000,190.20000000,86.59000000,0.31724000
767,2019-05-10,6373.33000000,172.91000000,77.11000000,0.29881000
768,2019-05-09,6209.18000000,170.90000000,74.19000000,0.29488000
769,2019-05-08,5987.29000000,170.85000000,74.44000000,0.29958000
770,2019-05-07,5846.34000000,169.18000000,74.61000000,0.29819000
771,2019-05-06,5747.79000000,173.00000000,74.94000000,0.30283000
772,2019-05-05,5775.62000000,163.05000000,75.70000000,0.30044000
773,2019-05-04,5829.45000000,163.70000000,77.77000000,0.30305000
774,2019-05-03,5772.69000000,168.06000000,79.22000000,0.30784000
775,2019-05-02,5492.87000000,161.81000000,73.68000000,0.30205000
776,2019-05-01,5383.20000000,160.19000000,73.36000000,0.30304000
777,2019-04-30,5320.81000000,161.83000000,74.32000000,0.30870000
778,2019-04-29,5238.14000000,155.11000000,67.87000000,0.29323000
779,2019-04-28,5307.52000000,157.85000000,69.89000000,0.29946000
780,2019-04-27,5295.69000000,159.31000000,72.23000000,0.29928000
781,2019-04-26,5314.10000000,157.95000000,73.82000000,0.30350000
782,2019-04-25,5219.90000000,154.72000000,71.78000000,0.29161000
783,2019-04-24,5415.00000000,164.78000000,72.85000000,0.29963000
784,2019-04-23,5493.31000000,169.16000000,73.70000000,0.31807000
785,2019-04-22,5357.14000000,170.52000000,76.51000000,0.32252000
786,2019-04-21,5256.14000000,168.59000000,76.65000000,0.31963000
787,2019-04-20,5291.73000000,172.88000000,81.15000000,0.32668000
788,2019-04-19,5258.68000000,172.64000000,82.05000000,0.32999000
789,2019-04-18,5258.44000000,173.33000000,81.68000000,0.33533000
790,2019-04-17,5202.82000000,165.75000000,78.77000000,0.33436000
791,2019-04-16,5173.72000000,165.37000000,80.27000000,0.32379000
792,2019-04-15,5024.95000000,159.95000000,78.07000000,0.31905000
793,2019-04-14,5131.30000000,167.23000000,83.28000000,0.32762000
794,2019-04-13,5045.22000000,162.99000000,77.62000000,0.32458000
795,2019-04-12,5048.01000000,163.19000000,78.47000000,0.32325000
796,2019-04-11,5017.37000000,164.07000000,78.88000000,0.32705000
797,2019-04-10,5308.25000000,177.12000000,88.16000000,0.35345000
798,2019-04-09,5150.00000000,174.60000000,86.17000000,0.34732000
799,2019-04-08,5236.90000000,178.72000000,88.57000000,0.35568000
800,2019-04-07,5170.27000000,174.21000000,91.55000000,0.36120000
801,2019-04-06,5043.89000000,165.50000000,92.21000000,0.35264000
802,2019-04-05,5004.95000000,164.77000000,88.24000000,0.36130000
803,2019-04-04,4898.66000000,157.36000000,84.70000000,0.32996000
804,2019-04-03,4932.60000000,159.96000000,85.19000000,0.34022000
805,2019-04-02,4857.29000000,163.31000000,76.78000000,0.35050000
806,2019-04-01,4144.56000000,141.24000000,60.45000000,0.31248000
807,2019-03-31,4103.95000000,141.38000000,60.48000000,0.30889000
808,2019-03-30,4106.97000000,142.46000000,60.45000000,0.31107000
809,2019-03-29,4103.25000000,143.25000000,61.45000000,0.30774000
810,2019-03-28,4027.81000000,137.86000000,60.50000000,0.30604000
811,2019-03-27,4038.05000000,139.45000000,61.44000000,0.31012000
812,2019-03-26,3948.55000000,134.18000000,58.79000000,0.30302000
813,2019-03-25,3936.12000000,133.98000000,59.04000000,0.30310000
814,2019-03-24,3992.18000000,136.09000000,59.82000000,0.30787000
815,2019-03-23,4006.01000000,137.28000000,60.89000000,0.31182000
816,2019-03-22,3986.93000000,135.98000000,59.26000000,0.31041000
817,2019-03-21,3980.64000000,134.85000000,58.54000000,0.30965000
818,2019-03-20,4043.04000000,139.01000000,60.27000000,0.31779000
819,2019-03-19,4015.53000000,138.55000000,59.52000000,0.31594000
820,2019-03-18,3987.81000000,137.59000000,59.17000000,0.31452000
821,2019-03-17,3981.14000000,138.67000000,60.47000000,0.31540000
822,2019-03-16,4005.98000000,140.92000000,61.21000000,0.31868000
823,2019-03-15,3923.76000000,136.56000000,58.52000000,0.31473000
824,2019-03-14,3877.12000000,132.20000000,55.94000000,0.31131000
825,2019-03-13,3866.00000000,131.65000000,55.29000000,0.31332000
826,2019-03-12,3882.73000000,133.57000000,56.58000000,0.31031000
827,2019-03-11,3871.61000000,132.67000000,54.82000000,0.30992000
828,2019-03-10,3916.82000000,135.37000000,56.59000000,0.31289000
829,2019-03-09,3943.04000000,137.27000000,57.78000000,0.31389000
830,2019-03-08,3864.89000000,133.52000000,55.61000000,0.30775000
831,2019-03-07,3873.64000000,136.81000000,56.73000000,0.31311000
832,2019-03-06,3861.84000000,137.40000000,55.37000000,0.31629000
833,2019-03-05,3857.73000000,136.72000000,52.52000000,0.31471000
834,2019-03-04,3715.30000000,125.65000000,45.78000000,0.30207000
835,2019-03-03,3807.75000000,130.60000000,47.86000000,0.31114000
836,2019-03-02,3819.93000000,132.56000000,48.49000000,0.31382000
837,2019-03-01,3823.00000000,135.32000000,47.05000000,0.31564000
838,2019-02-28,3813.69000000,135.34000000,45.61000000,0.31390000
839,2019-02-27,3818.07000000,135.02000000,45.16000000,0.31067000
840,2019-02-26,3809.23000000,136.22000000,44.76000000,0.31658000
841,2019-02-25,3827.92000000,137.87000000,45.40000000,0.32731000
842,2019-02-24,3743.56000000,132.10000000,43.75000000,0.29757000
843,2019-02-23,4117.76000000,157.79000000,51.40000000,0.33201000
844,2019-02-22,3962.00000000,147.36000000,49.19000000,0.32105000
845,2019-02-21,3937.31000000,145.69000000,48.94000000,0.32070000
846,2019-02-20,3969.74000000,148.44000000,51.50000000,0.33150000
847,2019-02-19,3907.79000000,143.44000000,47.14000000,0.32238000
848,2019-02-18,3898.60000000,145.69000000,47.84000000,0.32194000
849,2019-02-17,3667.58000000,133.75000000,43.91000000,0.30318000
850,2019-02-16,3618.41000000,122.67000000,43.34000000,0.30077000
851,2019-02-15,3602.47000000,121.67000000,42.58000000,0.30194000
852,2019-02-14,3590.56000000,120.42000000,41.26000000,0.30081000
853,2019-02-13,3609.40000000,121.86000000,41.61000000,0.30382000
854,2019-02-12,3631.46000000,122.41000000,43.89000000,0.30514000
855,2019-02-11,3631.05000000,120.89000000,42.90000000,0.30255000
856,2019-02-10,3680.06000000,125.12000000,46.79000000,0.30988000
857,2019-02-09,3665.18000000,119.19000000,44.68000000,0.31215000
858,2019-02-08,3659.04000000,119.25000000,42.99000000,0.31205000
859,2019-02-07,3398.40000000,104.48000000,33.24000000,0.29145000
860,2019-02-06,3405.37000000,104.50000000,32.79000000,0.28940000
861,2019-02-05,3471.59000000,107.27000000,34.34000000,0.29972000
862,2019-02-04,3463.22000000,107.68000000,34.09000000,0.29939000
863,2019-02-03,3458.11000000,107.36000000,33.44000000,0.30219000
864,2019-02-02,3504.77000000,110.42000000,34.59000000,0.31030000
865,2019-02-01,3462.07000000,106.73000000,32.65000000,0.30624000
866,2019-01-31,3434.10000000,106.44000000,31.41000000,0.30911000
867,2019-01-30,3458.18000000,108.29000000,31.68000000,0.32109000
868,2019-01-29,3411.04000000,104.45000000,30.81000000,0.28693000
869,2019-01-28,3434.15000000,105.50000000,30.94000000,0.29223000
870,2019-01-27,3550.84000000,112.05000000,32.21000000,0.30646000
871,2019-01-26,3565.25000000,115.34000000,32.80000000,0.31258000
872,2019-01-25,3565.29000000,115.11000000,32.69000000,0.31384000
873,2019-01-24,3569.62000000,116.39000000,32.51000000,0.31593000
874,2019-01-23,3552.82000000,116.44000000,31.69000000,0.31415000
875,2019-01-22,3570.93000000,117.81000000,31.41000000,0.31762000
876,2019-01-21,3526.90000000,115.63000000,30.82000000,0.31767000
877,2019-01-20,3539.28000000,117.47000000,30.64000000,0.31680000
878,2019-01-19,3665.30000000,122.60000000,32.00000000,0.32670000
879,2019-01-18,3594.87000000,119.17000000,30.77000000,0.32036000
880,2019-01-17,3616.21000000,121.54000000,31.40000000,0.32489000
881,2019-01-16,3591.84000000,121.48000000,31.29000000,0.32570000
882,2019-01-15,3553.06000000,118.95000000,30.75000000,0.32150000
883,2019-01-14,3626.09000000,126.95000000,31.71000000,0.32871000
884,2019-01-13,3476.81000000,114.16000000,29.59000000,0.31132000
885,2019-01-12,3583.13000000,123.35000000,31.65000000,0.32557000
886,2019-01-11,3601.31000000,124.65000000,31.49000000,0.32580000
887,2019-01-10,3585.88000000,124.95000000,32.81000000,0.32464000
888,2019-01-09,3966.65000000,148.10000000,38.17000000,0.36480000
889,2019-01-08,3955.13000000,147.60000000,38.70000000,0.36073000
890,2019-01-07,3975.45000000,149.34000000,37.35000000,0.36022000
891,2019-01-06,3987.60000000,153.86000000,38.30000000,0.36042000
892,2019-01-05,3770.96000000,152.83000000,34.33000000,0.34851000
893,2019-01-04,3792.01000000,151.97000000,31.76000000,0.35308000
894,2019-01-03,3766.78000000,146.30000000,31.39000000,0.35240000
895,2019-01-02,3858.56000000,152.01000000,32.67000000,0.36882000
896,2019-01-01,3797.14000000,139.10000000,31.48000000,0.36080000
897,2018-12-31,3702.90000000,131.45000000,29.90000000,0.34849000
898,2018-12-30,3801.91000000,137.77000000,31.38000000,0.36489000
899,2018-12-29,3695.32000000,132.89000000,30.28000000,0.35593000
900,2018-12-28,3839.26000000,135.30000000,31.80000000,0.36997000
901,2018-12-27,3567.91000000,113.80000000,27.55000000,0.33368000
902,2018-12-26,3777.74000000,129.35000000,30.30000000,0.37253000
903,2018-12-25,3745.79000000,127.60000000,30.50000000,0.37598000
904,2018-12-24,4008.01000000,138.03000000,32.68000000,0.40092000
905,2018-12-23,3929.71000000,129.03000000,32.97000000,0.36690000
906,2018-12-22,3948.91000000,115.20000000,31.33000000,0.35644000
907,2018-12-21,3838.66000000,107.69000000,30.29000000,0.35428000
908,2018-12-20,4049.62000000,114.05000000,32.18000000,0.37228000
909,2018-12-19,3662.22000000,98.74000000,28.83000000,0.34468000
910,2018-12-18,3652.98000000,100.39000000,29.89000000,0.34979000
911,2018-12-17,3509.08000000,94.02000000,28.95000000,0.32721000
912,2018-12-16,3228.67000000,84.67000000,25.52000000,0.28669000
913,2018-12-15,3211.72000000,83.76000000,23.60000000,0.28422000
914,2018-12-14,3224.17000000,83.82000000,23.34000000,0.28816000
915,2018-12-13,3302.06000000,86.34000000,23.08000000,0.29934000
916,2018-12-12,3445.00000000,89.41000000,24.13000000,0.30463000
917,2018-12-11,3380.39000000,87.76000000,23.41000000,0.29904000
918,2018-12-10,3432.88000000,89.91000000,24.14000000,0.29956000
919,2018-12-09,3545.37000000,93.26000000,25.37000000,0.30914000
920,2018-12-08,3410.93000000,90.38000000,24.22000000,0.30247000
921,2018-12-07,3403.55000000,93.05000000,24.91000000,0.30114000
922,2018-12-06,3508.75000000,91.00000000,26.78000000,0.30919000
923,2018-12-05,3769.84000000,102.71000000,29.27000000,0.33950000
924,2018-12-04,3951.64000000,109.94000000,31.13000000,0.35231000
925,2018-12-03,3884.01000000,108.76000000,30.90000000,0.34827000
926,2018-12-02,4161.01000000,116.57000000,33.82000000,0.36963000
927,2018-12-01,4190.02000000,118.10000000,34.17000000,0.37205000
928,2018-11-30,4041.32000000,113.73000000,32.21000000,0.36466000
929,2018-11-29,4295.84000000,117.98000000,33.88000000,0.38149000
930,2018-11-28,4264.85000000,122.90000000,34.74000000,0.39203000
931,2018-11-27,3875.21000000,111.43000000,31.61000000,0.36500000
932,2018-11-26,3862.20000000,110.68000000,30.18000000,0.36354000
933,2018-11-25,4085.78000000,118.67000000,31.49000000,0.38200000
934,2018-11-24,3932.44000000,114.89000000,29.73000000,0.37982000
935,2018-11-23,4420.61000000,125.02000000,32.74000000,0.41447000
936,2018-11-22,4370.00000000,126.63000000,32.11000000,0.42831000
937,2018-11-21,4661.07000000,138.23000000,35.15000000,0.45367000
938,2018-11-20,4558.86000000,133.82000000,33.80000000,0.44285000
939,2018-11-19,4910.03000000,150.81000000,37.07000000,0.48250000
940,2018-11-18,5662.00000000,178.97000000,42.61000000,0.51611000
941,2018-11-17,5628.29000000,176.20000000,42.43000000,0.49813000
942,2018-11-16,5655.94000000,176.89000000,42.89000000,0.47765000
943,2018-11-15,5753.40000000,184.35000000,44.78000000,0.48931000
944,2018-11-14,5922.41000000,187.43000000,45.05000000,0.48460000
945,2018-11-13,6457.66000000,209.84000000,50.43000000,0.51736000
946,2018-11-12,6453.07000000,212.89000000,51.26000000,0.52450000
947,2018-11-11,6449.81000000,212.54000000,51.46000000,0.51019000
948,2018-11-10,6433.05000000,213.25000000,52.48000000,0.50956000
949,2018-11-09,6419.99000000,210.77000000,52.25000000,0.50440000
950,2018-11-08,6479.84000000,212.79000000,52.72000000,0.49694000
951,2018-11-07,6578.46000000,219.07000000,54.47000000,0.54090000
952,2018-11-06,6519.11000000,220.74000000,56.48000000,0.55523000
953,2018-11-05,6468.99000000,210.66000000,53.91000000,0.50220000
954,2018-11-04,6485.85000000,212.11000000,54.60000000,0.46999000
955,2018-11-03,6387.09000000,200.31000000,51.04000000,0.45713000
956,2018-11-02,6433.98000000,202.35000000,51.78000000,0.46300000
957,2018-11-01,6410.00000000,199.96000000,50.61000000,0.46141000
958,2018-10-31,6371.93000000,198.73000000,49.93000000,0.45418000
959,2018-10-30,6330.87000000,197.27000000,49.34000000,0.44749000
960,2018-10-29,6344.50000000,196.96000000,49.21000000,0.44506000
961,2018-10-28,6489.93000000,204.99000000,52.07000000,0.46472000
962,2018-10-27,6505.60000000,204.45000000,52.25000000,0.46012000
963,2018-10-26,6538.63000000,204.92000000,52.56000000,0.46657000
964,2018-10-25,6528.09000000,203.93000000,52.84000000,0.46351000
965,2018-10-24,6565.50000000,205.35000000,53.11000000,0.46402000
966,2018-10-23,6553.51000000,205.85000000,53.33000000,0.47006000
967,2018-10-22,6581.20000000,206.67000000,53.12000000,0.46192000
968,2018-10-21,6590.11000000,207.49000000,53.61000000,0.46458000
969,2018-10-20,6588.40000000,207.91000000,54.28000000,0.46788000
970,2018-10-19,6528.88000000,205.00000000,53.71000000,0.46077000
971,2018-10-18,6618.96000000,206.24000000,53.53000000,0.46750000
972,2018-10-17,6740.89000000,212.85000000,55.27000000,0.48437000
973,2018-10-16,6759.27000000,215.09000000,55.54000000,0.48352000
974,2018-10-15,6752.50000000,214.39000000,56.16000000,0.46168000
975,2018-10-14,6339.34000000,197.01000000,52.61000000,0.40994000
976,2018-10-13,6332.93000000,201.30000000,54.05000000,0.42270000
977,2018-10-12,6298.01000000,196.96000000,53.74000000,0.42071000
978,2018-10-11,6252.68000000,191.58000000,51.36000000,0.38315000
979,2018-10-10,6631.00000000,226.74000000,58.46000000,0.46605000
980,2018-10-09,6656.61000000,228.40000000,59.03000000,0.48199000
981,2018-10-08,6673.01000000,230.01000000,59.66000000,0.49335000
982,2018-10-07,6615.26000000,226.14000000,58.33000000,0.48269000
983,2018-10-06,6594.27000000,225.40000000,57.96000000,0.48964000
984,2018-10-05,6635.65000000,228.37000000,58.93000000,0.52110000
985,2018-10-04,6593.79000000,222.66000000,58.42000000,0.52940000
986,2018-10-03,6510.00000000,220.77000000,57.56000000,0.52930000
987,2018-10-02,6525.79000000,225.69000000,59.46000000,0.51692000
988,2018-10-01,6611.61000000,231.61000000,60.45000000,0.57760000
989,2018-09-30,6626.57000000,232.94000000,61.21000000,0.58257000
990,2018-09-29,6596.38000000,231.62000000,61.61000000,0.56876000
991,2018-09-28,6634.58000000,221.84000000,61.95000000,0.54025000
992,2018-09-27,6689.13000000,229.13000000,63.28000000,0.54305000
993,2018-09-26,6465.12000000,214.42000000,57.18000000,0.51300000
994,2018-09-25,6447.54000000,219.62000000,57.61000000,0.52560000
995,2018-09-24,6581.39000000,228.06000000,58.01000000,0.49358000
996,2018-09-23,6708.00000000,244.50000000,61.38000000,0.57190000
997,2018-09-22,6723.05000000,241.01000000,60.65000000,0.57368000
998,2018-09-21,6759.02000000,247.73000000,60.83000000,0.56405000
999,2018-09-20,6492.00000000,224.00000000,56.53000000,0.44819000
