Date,GOLD RC
2016-06-17,0.6603622343895376
2016-06-20,-0.33184857019419883
2016-06-21,-0.8268184227857923
2016-06-22,-0.3863841267914041
2016-06-23,-0.006884721966682544
2016-06-24,-0.7087219730583851
2016-06-27,-0.8467143725170778
2016-06-28,0.0866117227235478
2016-06-29,-0.9993351074552519
2016-06-30,0.7057490286628677
2016-07-01,0.999042787604549
2016-07-05,0.9638322336623941
2016-07-06,0.9364063251300224
2016-07-07,-0.19708882146888723
2016-07-08,0.28070880084299227
2016-07-11,0.5782518126176764
2016-07-12,0.10237502211597399
2016-07-13,0.7950891239566631
2016-07-14,-0.1833529970010163
2016-07-15,0.7014415413162802
2016-07-18,0.7360873139279234
2016-07-19,0.8130472811667431
2016-07-20,-0.9338462703456921
2016-07-21,-0.5531562150826538
2016-07-22,-0.6273572115047364
2016-07-25,-0.888189646624229
2016-07-26,-0.8170885297881955
2016-07-27,-0.7688367408443739
2016-07-28,-0.0772908001205843
2016-07-29,0.9646213329666353
2016-08-01,0.33952078840720656
2016-08-02,0.9476761572590534
2016-08-03,0.9817288001641797
2016-08-04,0.9437129361331981
2016-08-05,0.2749775170953774
2016-08-08,0.2315626519782488
2016-08-09,-0.9692246892962648
2016-08-10,-0.7741263851456797
2016-08-11,-0.7617523834240811
2016-08-12,-0.8759958954284258
2016-08-15,-0.9412398918988746
2016-08-16,-0.5102304853436858
2016-08-17,-0.9964145932989636
2016-08-18,-0.6783004489780398
2016-08-19,0.2906816342554669
2016-08-22,-0.7805402365953885
2016-08-23,-0.05749553528962055
2016-08-24,0.6142334875351952
2016-08-25,0.9702008045755607
2016-08-26,0.16792209400222396
2016-08-29,-0.9990935908098745
2016-08-30,-0.9632738683616865
2016-08-31,-0.3477482127222397
2016-09-01,0.8054482432300482
2016-09-02,0.5224775675127267
2016-09-06,0.855859483676207
2016-09-07,0.9902616761947867
2016-09-08,-0.9807185135408054
2016-09-09,-0.3043045134283994
2016-09-12,0.08442935524004036
2016-09-13,-0.5338177139201242
2016-09-14,-0.827979102850633
2016-09-15,-0.9334255522032429
2016-09-16,-0.9106494499943104
2016-09-19,-0.4395505200065046
2016-09-20,0.052631994398116895
2016-09-21,-0.9990017457772675
2016-09-22,-0.9499982246546063
2016-09-23,-0.5153528732120849
2016-09-26,-0.9840664056773132
2016-09-27,-0.9073590810655638
2016-09-28,-0.9997630258891895
2016-09-29,-0.7130024512559834
2016-09-30,0.19698758677860614
2016-10-03,0.6965944031966453
2016-10-04,-0.06787173090402888
2016-10-05,0.9609785119331973
2016-10-06,0.996905214406173
2016-10-07,-0.9716798223713551
2016-10-10,0.0750561110529511
2016-10-11,-0.9034205888443669
2016-10-12,-0.9916113281179821
2016-10-13,0.037742596645245215
2016-10-14,-0.5622745026489461
2016-10-17,-0.13417821705924735
2016-10-18,-0.5151899250290579
2016-10-19,-0.7910461078438437
2016-10-20,-0.8072308610561113
2016-10-21,-0.6521713527844876
2016-10-24,0.9956601631886065
2016-10-25,0.5364417274421127
2016-10-26,-0.830744764849267
2016-10-27,-0.9396651390059424
2016-10-28,-0.910561427441565
2016-10-31,-0.6077624513384212
2016-11-01,-0.9659881291816155
2016-11-02,-0.9716122049806314
2016-11-03,0.6689252372616528
2016-11-04,0.8574476933714453
2016-11-07,0.4348841656764806
2016-11-08,0.6031755835289271
2016-11-09,0.9961703093244763
2016-11-10,0.7301025547576206
2016-11-11,-0.78595317173293
2016-11-14,0.4993705942275803
2016-11-15,0.10457626970335322
2016-11-16,0.4598708799683022
2016-11-17,0.09396106764527878
2016-11-18,-0.3101862090238424
2016-11-21,-0.8264505540231863
2016-11-22,-0.31745664270888063
2016-11-23,0.6547123114474055
2016-11-25,-0.8331598591141742
2016-11-28,0.4249443807814126
2016-11-29,0.9621548747398436
2016-11-30,-0.8735078485298904
2016-12-01,-0.9986165571582996
2016-12-02,-0.6930109077893704
2016-12-05,-0.3748266635135705
2016-12-06,-0.7912148628668457
2016-12-07,0.9103545411271436
2016-12-08,0.9599237883084732
2016-12-09,0.9395801827218312
2016-12-12,0.5188559912584501
2016-12-13,0.40210283632445565
2016-12-14,-0.36748625594396295
2016-12-15,-0.23518911475195484
2016-12-16,-0.4493985166532132
2016-12-19,0.14100475284576028
2016-12-20,0.987695014337994
2016-12-21,-0.016358296285484384
2016-12-22,-0.9986775510164104
2016-12-23,-0.15138426721299444
2016-12-27,0.8607580211825928
2016-12-28,-0.8957664294905364
2016-12-29,-0.9967900086990926
2016-12-30,0.9948505415198757
2017-01-03,0.9038524689724392
2017-01-04,0.9812909389741756
2017-01-05,0.42827141732573487
2017-01-06,-0.6948202007040895
2017-01-09,-0.4948843245041302
2017-01-10,-0.5878158113489726
2017-01-11,-0.9994575667945361
2017-01-12,-0.8158666034132184
2017-01-13,-0.22574368067537742
2017-01-17,-0.667992137903939
2017-01-18,-0.9274231917142585
2017-01-19,-0.5699421625183203
2017-01-20,-0.7901961074115785
2017-01-23,-0.4623112623492336
2017-01-24,-0.8516514308680293
2017-01-25,-0.6264977877781851
2017-01-26,0.716210281339423
2017-01-27,-0.8953398661045522
2017-01-30,-0.7557888549181639
2017-01-31,-0.6072958420677467
2017-02-01,-0.8249510492140952
2017-02-02,0.9926910645349408
2017-02-03,0.865767618415712
2017-02-06,0.8253813596992415
2017-02-07,-0.6299576405883351
2017-02-08,0.7340288416006135
2017-02-09,-0.9928059840051895
2017-02-10,-0.9487659195230623
2017-02-13,-0.5567068361752515
2017-02-14,0.8845374489672275
2017-02-15,0.911345656707547
2017-02-16,0.45996652283396566
2017-02-17,0.46909187372070726
2017-02-21,0.9999940048345937
2017-02-22,0.9808381168892804
2017-02-23,-0.16605695341739923
2017-02-24,0.7494435952063933
2017-02-27,0.9968611456837271
2017-02-28,-0.12102400870256817
2017-03-01,0.9840434558558513
2017-03-02,0.6538400477996743
2017-03-03,-0.8520034845101694
2017-03-06,-0.29448529043255556
2017-03-07,0.8671511512519882
2017-03-08,0.9831023351375556
2017-03-09,0.9802264103872859
2017-03-10,-0.7303349978885878
2017-03-13,-0.049064487712286234
2017-03-14,-0.4646349332672481
2017-03-15,0.6310676895054399
2017-03-16,-0.19154061663530733
2017-03-17,0.9870635965387915
2017-03-20,0.9560182608901034
2017-03-21,-0.6425744984550338
2017-03-22,-0.5643207823193837
2017-03-23,-0.7559024891598211
2017-03-24,0.8758156017613293
2017-03-27,-0.11320450860609191
2017-03-28,0.3932779809814014
2017-03-29,-0.44601456893407126
2017-03-30,-0.9964338750297701
2017-03-31,-0.5628227824072533
2017-04-03,-0.9755534018178137
2017-04-04,-0.9790777773328248
2017-04-05,0.7250508593816773
2017-04-06,0.2806694840774126
2017-04-07,0.9388134969183703
2017-04-10,0.8210911099399466
2017-04-11,-0.6468005165012729
2017-04-12,-0.5156392703065575
2017-04-13,0.9714308340752073
2017-04-17,0.9242232817865504
2017-04-18,0.7170827858334476
2017-04-19,-0.9024142208568207
2017-04-20,0.9883455631414876
2017-04-21,0.9993992362499704
2017-04-24,0.9994559853343432
2017-04-25,0.99994768715972
2017-04-26,0.8250389741072814
2017-04-27,0.3333878325805903
2017-04-28,-0.2075871263790351
2017-05-01,0.43189847958083505
2017-05-02,0.980695265793092
2017-05-03,-0.10963889376991898
2017-05-04,-0.48192798030434464
2017-05-05,0.786014741588361
2017-05-08,0.5797351682628948
2017-05-09,-0.5980003543164556
2017-05-10,0.08129884454958079
2017-05-11,-0.628614404512113
2017-05-12,0.40926409978079425
2017-05-15,-0.11131872848976414
2017-05-16,0.9900362683523286
2017-05-17,-0.9978428983320587
2017-05-18,-0.873013402842806
2017-05-19,0.9997896152719558
2017-05-22,0.9690061749229366
2017-05-23,0.9801761258285818
2017-05-24,0.9904935725621717
2017-05-25,-0.2606200011818222
2017-05-26,-0.9291370746906501
2017-05-30,0.4540278946626628
2017-05-31,-0.5304612857998685
2017-06-01,0.851644829171462
2017-06-02,0.9970075688295803
2017-06-05,0.46097251605958517
2017-06-06,-0.9676014854436575
2017-06-07,-0.9798430534179969
2017-06-08,-0.7459814551281699
2017-06-09,-0.3815093685114784
2017-06-12,0.8377686553753001
2017-06-13,0.03591612967775922
2017-06-14,-0.044239722661183284
2017-06-15,0.8327601140831504
2017-06-16,0.41040320296192256
2017-06-19,0.9146896717695577
2017-06-20,0.008919836811015002
2017-06-21,-0.9519347075526347
2017-06-22,0.5608586069835594
2017-06-23,0.8385530661210452
2017-06-26,-0.5174209334719069
2017-06-27,0.21502691598046156
2017-06-28,-0.22983304330561147
2017-06-29,0.9257069105926491
2017-06-30,0.6745606203667656
2017-07-03,0.3989252155623221
2017-07-05,0.9966061703065271
2017-07-06,-0.4937473469910735
2017-07-07,-0.26408453150605316
2017-07-10,-0.8561284844695518
2017-07-11,-0.4675768789547477
2017-07-12,0.8747307677530255
2017-07-13,0.610750737110403
2017-07-14,-0.9991403211607576
2017-07-17,-0.9990537201667948
2017-07-18,0.9995023177199772
2017-07-19,0.08812864359153076
2017-07-20,0.41049607579076847
2017-07-21,-0.51807496399669
2017-07-24,0.1558519938418332
2017-07-25,-0.9899465487376978
2017-07-26,-0.9929123907657396
2017-07-27,-0.9990333639860297
2017-07-28,-0.9948091521954446
2017-07-31,-0.9995877980625144
2017-08-01,-0.9901943321235938
2017-08-02,-0.9932227886279309
2017-08-03,-0.9896564509306407
2017-08-04,-0.13509562529786237
2017-08-07,0.915404654417646
2017-08-08,0.13534163719497355
2017-08-09,0.0865746892675901
2017-08-10,0.02036935840943772
2017-08-11,-0.5320431957318359
2017-08-14,0.9842488312187828
2017-08-15,0.9874913428765854
2017-08-16,0.9066976672331523
2017-08-17,-0.2164391238264588
2017-08-18,0.7294535497074545
2017-08-21,0.38325840403949774
2017-08-22,0.04433076487687637
2017-08-23,0.7683511690293564
2017-08-24,-0.8965064916298384
2017-08-25,-0.5240283919824454
2017-08-28,0.9999876949047204
2017-08-29,0.9483408096147105
2017-08-30,0.5685880133420653
2017-08-31,0.8520552359782221
2017-09-01,0.9355209352896118
2017-09-05,0.9934473647542117
2017-09-06,0.9998171672642879
2017-09-07,0.9980954915621902
2017-09-08,0.9945872594282088
2017-09-11,-0.513887242010098
2017-09-12,-0.9969539818176459
2017-09-13,-0.7155063430746625
2017-09-14,0.5538327068129429
2017-09-15,0.7317490381705496
2017-09-18,0.9994569376797658
2017-09-19,0.7152640236227676
2017-09-20,-0.9668693901048949
2017-09-21,0.9673141692645958
2017-09-22,0.9793348948301992
2017-09-25,-0.9593323978248163
2017-09-26,-0.9971170367714867
2017-09-27,0.9933921634926022
2017-09-28,0.9566106664911439
2017-09-29,-0.8765891048769473
2017-10-02,0.8516642012364591
2017-10-03,0.7385742604225832
2017-10-04,-0.9900871778084707
2017-10-05,0.4386237846793701
2017-10-06,0.8881684026452361
2017-10-09,-0.9577826822873906
2017-10-10,-0.2857120337498208
2017-10-11,0.9120070138206318
2017-10-12,-0.39622147598559676
2017-10-13,-0.7090889496257039
2017-10-16,0.9060327594098259
2017-10-17,-0.0978244959069444
2017-10-18,-0.8996117135064456
2017-10-19,0.653177853324671
2017-10-20,0.975645736282211
2017-10-23,0.8391977727930451
2017-10-24,0.2622610791726918
2017-10-25,-0.4002811377105703
2017-10-26,-0.7760978705819803
2017-10-27,-0.21101489672428397
2017-10-30,-0.2382778408220096
2017-10-31,-0.6932754816110325
2017-11-01,0.9834987140972083
2017-11-02,0.9056581036682324
2017-11-03,0.7608203875821712
2017-11-06,-0.06193137202118365
2017-11-07,-0.8446324805105855
2017-11-08,0.9234335576353075
2017-11-09,0.7927680324283183
2017-11-10,0.8850143851081198
2017-11-13,0.34671206243850144
2017-11-14,-0.9260076710485781
2017-11-15,-0.9801252659189837
2017-11-16,0.2602362664470378
2017-11-17,0.9994378438355718
2017-11-20,0.30784016398726416
2017-11-21,0.40728118156940973
2017-11-22,-0.33662565360708674
2017-11-24,0.1544947965324184
2017-11-27,0.33971498375816556
2017-11-28,0.5745908602692182
2017-11-29,0.7480481125032521
2017-11-30,0.8888572566948477
2017-12-01,0.5627174102365373
2017-12-04,-0.9877784614512971
2017-12-05,-0.8438714321027003
2017-12-06,-0.5964065525300343
2017-12-07,0.9049673497135133
2017-12-08,0.4785657743697527
2017-12-11,-0.7996266402316602
2017-12-12,0.9629101099883125
2017-12-13,0.2709420202473271
2017-12-14,0.4566827758129346
2017-12-15,0.8352020022626497
2017-12-18,0.9796992994097945
2017-12-19,0.9365045624666841
2017-12-20,0.9591228774255338
2017-12-21,-0.49902970462584384
2017-12-22,-0.5574165274205796
2017-12-26,-0.3384474499710654
2017-12-27,-0.7677886790579336
2017-12-28,-0.9911241482872072
2017-12-29,0.1318984409341314
2018-01-02,0.7025310294716041
2018-01-03,0.9991761992624274
2018-01-04,0.9568103254351541
2018-01-05,0.9803321207889153
2018-01-08,0.16097339920962586
2018-01-09,-0.9660784153258246
2018-01-10,-0.9782782430809973
2018-01-11,-0.9963648759208472
2018-01-12,-0.6336007587115625
2018-01-16,0.24927033490017708
2018-01-17,-0.23893020465655504
2018-01-18,-0.6686300782133006
2018-01-19,0.4480418890310719
2018-01-22,-0.8580036659264448
2018-01-23,-0.9919060197620139
2018-01-24,0.1535911428213358
2018-01-25,-0.6087970135033001
2018-01-26,-0.8690557583856987
2018-01-29,-0.7457219584016758
2018-01-30,0.8844394003087795
2018-01-31,0.9988355025331015
2018-02-01,0.7588413457202693
2018-02-02,0.707724224822946
2018-02-05,0.9791454128887787
2018-02-06,0.999794543364545
2018-02-07,0.9913014839134409
2018-02-08,-0.9539794706915619
2018-02-09,-0.6795518926713081
2018-02-12,0.9747532567112606
2018-02-13,-0.060078247620666235
2018-02-14,0.8665061184266474
2018-02-15,0.9984264392653701
2018-02-16,0.9984340941535251
2018-02-20,-0.9944246817875763
2018-02-21,-0.4048162436277807
2018-02-22,0.7789350108522856
2018-02-23,-0.12894665980066808
2018-02-26,0.9641737695543491
2018-02-27,-0.44104830753784174
2018-02-28,-0.12097377457125881
2018-03-01,-0.44991596704260417
2018-03-02,-0.8432131765112483
2018-03-05,0.9946482617839892
2018-03-06,-0.0541600407904409
2018-03-07,-0.7618148214481849
2018-03-08,-0.7492440356902951
2018-03-09,-0.717563693678479
2018-03-12,-0.6860854143349087
2018-03-13,0.6777220596154925
2018-03-14,0.8544082348110742
2018-03-15,0.9903200438685803
2018-03-16,0.5848064151346838
2018-03-19,-0.9772227205586133
2018-03-20,-0.8209656380987312
2018-03-21,0.28487918279979446
2018-03-22,0.9912856199452915
2018-03-23,0.29496528298633634
2018-03-26,-0.8088611324347387
2018-03-27,-0.48726782005681807
2018-03-28,0.8989057472548904
2018-03-29,-0.9982278039311373
2018-04-02,-0.03885980163187852
2018-04-03,0.26768211748188886
2018-04-04,-0.3584074771429448
2018-04-05,-0.9487453343216873
2018-04-06,0.8807122365044969
2018-04-09,0.7746289885221462
2018-04-10,0.8417764336522534
2018-04-11,0.4885971096621455
2018-04-12,0.6691094118306669
2018-04-13,0.9353795954423957
2018-04-16,0.9230200520958212
2018-04-17,-0.04736327216651809
2018-04-18,-0.048421882043021267
2018-04-19,-0.6615314486882452
2018-04-20,-0.9736222441158994
2018-04-23,-0.9916866336672384
2018-04-24,-0.9955452461691847
2018-04-25,-0.5294082411756275
2018-04-26,-0.1252626604059704
2018-04-27,0.6879219846313257
2018-04-30,-0.4972423696571158
2018-05-01,-0.9813213862855337
2018-05-02,-0.7481497413290578
2018-05-03,-0.8011299351508173
2018-05-04,0.2774071693617932
2018-05-07,-0.7415641423042908
2018-05-08,-0.9351131529485626
2018-05-09,0.19861348362668096
2018-05-10,-0.6597141672960348
2018-05-11,-0.8333796628803155
2018-05-14,-0.6848701417855058
2018-05-15,0.3890976696021777
2018-05-16,0.5037513082168176
2018-05-17,-0.6151508052609472
2018-05-18,0.15576723651976473
2018-05-21,0.6496670532591359
2018-05-22,0.36842732166849745
2018-05-23,-0.09911825954165167
2018-05-24,-0.8182996354665502
2018-05-25,0.7316887701459254
2018-05-29,0.6754966610804891
2018-05-30,-0.4801911395129268
2018-05-31,-0.761037665954912
2018-06-01,0.1927544881246832
2018-06-04,0.6250737064312276
2018-06-05,0.41873310807388564
2018-06-06,0.6640184560641228
2018-06-07,0.7949624330330183
2018-06-08,-0.9684837592537316
2018-06-11,-0.7405116588994938
2018-06-12,-0.9385283749392908
2018-06-13,0.48510321432123815
2018-06-14,0.7796368637776635
2018-06-15,0.9562378104051948
2018-06-18,-0.39407881851400994
2018-06-19,-0.8270964002371526
2018-06-20,-0.8343937195147032
2018-06-21,0.9912357144696773
2018-06-22,0.29233703943652195
2018-06-25,0.1487768593239868
2018-06-26,-0.6633679057245441
2018-06-27,-0.14236511792524553
2018-06-28,-0.4641710956177902
2018-06-29,-0.2366961760963166
2018-07-02,0.9638437437336218
2018-07-03,0.33345827396921274
2018-07-05,0.9767387163392898
2018-07-06,0.9580313917567875
2018-07-09,0.9847979807332531
2018-07-10,-0.6034328844469387
2018-07-11,-0.1323880255071261
2018-07-12,-0.8886186416798748
2018-07-13,-0.9886693449472551
2018-07-16,-0.4500438287180325
2018-07-17,0.7414901578352802
2018-07-18,0.959827869827093
2018-07-19,-0.6073443848230486
2018-07-20,-0.2021452459884374
2018-07-23,0.9739770110812715
2018-07-24,0.9980896435399134
2018-07-25,0.5026488293826812
2018-07-26,-0.6642575814290886
2018-07-27,-0.1441497754120015
2018-07-30,-0.9117194218744901
2018-07-31,-0.4006812173616514
2018-08-01,-0.8872620119408465
2018-08-02,-0.5534956273567636
2018-08-03,-0.9715538267531454
2018-08-06,-0.9234880509629697
2018-08-07,-0.9851735900534948
2018-08-08,-0.6773148003031435
2018-08-09,0.04374713465199249
2018-08-10,0.628262214756779
2018-08-13,0.7947902902159336
2018-08-14,-0.8786213588001546
2018-08-15,-0.9980243067909427
2018-08-16,-0.3057602661800422
2018-08-17,0.7861876258564138
2018-08-20,0.0013067013183879165
2018-08-21,-0.3743498528672877
2018-08-22,0.8868032119233523
2018-08-23,-0.5895865468995467
2018-08-24,0.7344525272312236
2018-08-27,0.9953378365354933
2018-08-28,0.8443607905128988
2018-08-29,0.33343420976734023
2018-08-30,-0.11251298980512826
2018-08-31,0.6278606514293825
2018-09-04,-0.9764348243726392
2018-09-05,0.5568030059343283
2018-09-06,0.9600615148257374
2018-09-07,0.9797819928616116
2018-09-10,-0.08039533241483095
2018-09-11,-0.7908575950204798
2018-09-12,0.32416434871416916
2018-09-13,0.9960385721345038
2018-09-14,0.9976466164397781
2018-09-17,0.9981451509200259
2018-09-18,0.8171950633996676
2018-09-19,0.9990446951096645
2018-09-20,0.9989435172305114
2018-09-21,0.747974197821551
2018-09-24,0.08328695038755757
2018-09-25,0.9615049745440175
2018-09-26,0.4599957459363105
2018-09-27,0.1693673666785814
2018-09-28,0.9860940288388266
2018-10-01,-0.9282221488316091
2018-10-02,-0.883911816089569
2018-10-03,-0.5554145559126193
2018-10-04,-0.7673838042306173
2018-10-05,-0.999749947101911
2018-10-08,-0.9420056871346612
2018-10-09,-0.39964518508550795
2018-10-10,0.9953232170526328
2018-10-11,0.8642130226649296
2018-10-12,0.7807845716813554
2018-10-15,0.13780873617544953
2018-10-16,0.24893641286177198
2018-10-17,-0.4971550837136419
2018-10-18,0.9084996586054623
2018-10-19,0.9937970658522164
2018-10-22,-0.8162686343454313
2018-10-23,-0.41202812301402225
2018-10-24,-0.735838174375425
2018-10-25,-0.9202985247495574
2018-10-26,-0.48343967465419696
2018-10-29,0.716083982519089
2018-10-30,-0.08030483777996646
2018-10-31,-0.756278363853358
2018-11-01,0.6968148609958361
2018-11-02,0.7082125283103312
2018-11-05,0.16626478931748728
2018-11-06,0.998907934857656
2018-11-07,0.9869976433326282
2018-11-08,0.5209454886047605
2018-11-09,0.9388752062903102
2018-11-12,0.8448203353649811
2018-11-13,0.9189612604445548
2018-11-14,0.9906038337850144
2018-11-15,0.13128790850689614
2018-11-16,-0.9565548265961061
2018-11-19,0.9785206087590899
2018-11-20,0.9863685156040953
2018-11-21,0.9786188321899202
2018-11-23,0.9894241672931932
2018-11-26,-0.7354298780498774
2018-11-27,-0.9734162482814527
2018-11-28,0.999373778084403
2018-11-29,0.9915999273907193
2018-11-30,-0.9824224545229601
2018-12-03,-0.9580631413935651
2018-12-04,-0.33900996950694884
2018-12-06,0.41551907977541197
2018-12-07,0.686444263023688
2018-12-10,0.6902927001929988
2018-12-11,0.6935779826159503
2018-12-12,0.3811939310666378
2018-12-13,-0.12731340056746684
2018-12-14,0.7309106388060942
2018-12-17,-0.7444935568463135
2018-12-18,-0.9445545574751502
2018-12-19,-0.6893544471912857
2018-12-20,-0.9143181527394946
2018-12-21,-0.31716343326232144
2018-12-24,0.15283282238419924
2018-12-26,-0.9595881051809718
2018-12-27,-0.9376397488813057
2018-12-28,-0.40721891382210246
2018-12-31,-0.32746072031674883
2019-01-02,-0.3095407623196711
2019-01-03,0.0816665022991905
2019-01-04,0.4406239684606354
2019-01-07,0.7098116111754692
2019-01-08,0.8311598911401935
2019-01-09,0.986926460140177
2019-01-10,-0.8751067167567255
2019-01-11,-0.9999690357103823
2019-01-14,-0.9596240474228497
2019-01-15,-0.9623910239967282
2019-01-16,-0.8848981179377059
2019-01-17,0.9505724596679425
2019-01-18,-0.04578303108824219
2019-01-22,0.31605271597155354
2019-01-23,0.9193955092224793
2019-01-24,-0.3076669467199374
2019-01-25,0.5563173265192956
2019-01-28,0.4399957043764077
2019-01-29,0.9999665966240934
2019-01-30,0.8585347283230336
2019-01-31,0.3965600210088641
2019-02-01,-0.37551862350901244
2019-02-04,-0.3675907889444682
2019-02-05,-0.787129091451788
2019-02-06,0.09725930183980117
2019-02-07,0.7896775647614032
2019-02-08,-0.4002905437854368
2019-02-11,0.8259055989663764
2019-02-12,-0.29306864608306066
2019-02-13,-0.45833897098960424
2019-02-14,-0.20748914854387088
2019-02-15,-0.03510684095015783
2019-02-19,0.6021963799393639
2019-02-20,0.9029200704628463
2019-02-21,0.8002678442719388
2019-02-22,0.935117580087852
2019-02-25,-0.2428753948697474
2019-02-26,-0.6494751211587816
2019-02-27,0.9486423336085288
2019-02-28,-0.45932678063793286
2019-03-01,0.6424371486260847
2019-03-04,0.11996117604027208
2019-03-05,0.04023924862941385
2019-03-06,-0.6505709946306525
2019-03-07,-0.9980683913207987
2019-03-08,-0.06108420322471118
2019-03-11,0.015266137127014964
2019-03-12,0.9385427124495865
2019-03-13,0.15483863885256166
2019-03-14,0.2764035025548931
2019-03-15,0.8828667600747551
2019-03-18,0.9642019393192391
2019-03-19,0.9271263638364883
2019-03-20,-0.7537284228834569
2019-03-21,-0.9999628333698478
2019-03-22,0.0002986091005395134
2019-03-25,0.5917408983644769
2019-03-26,-0.051518935901457785
2019-03-27,-0.005768225404245737
2019-03-28,-0.7903764238672207
2019-03-29,0.5380722881773911
2019-04-01,0.9991038033330247
2019-04-02,0.5594523377091415
2019-04-03,0.5933542075055749
2019-04-04,0.4674829088928956
2019-04-05,0.7228317907965438
2019-04-08,0.8448664610104748
2019-04-09,-0.026135276983513787
2019-04-10,0.7452605640937342
2019-04-11,-0.055760160648637425
2019-04-12,-0.4269884344527421
2019-04-15,0.6486996370644073
2019-04-16,0.448819771385698
2019-04-17,-0.3790382526315898
2019-04-18,-0.03483956425075559
2019-04-22,0.9441939253328309
2019-04-23,0.9611703980755743
2019-04-24,0.9130173471119515
2019-04-25,0.8136690707241407
2019-04-26,-0.1869093642534965
2019-04-29,0.7902154929814922
2019-04-30,0.6489088587789829
2019-05-01,-0.6756265580386179
2019-05-02,-0.8774618446638865
2019-05-03,0.8836240576444512
2019-05-06,0.9157393789815866
2019-05-07,-0.8971697000870479
2019-05-08,-0.8166575701145083
2019-05-09,-0.9940524158537121
2019-05-10,0.19178826866173435
2019-05-13,-0.9669954647704865
2019-05-14,-0.9111101271539918
2019-05-15,0.9909767604569122
2019-05-16,-0.44738659336784786
2019-05-17,-0.19051441395341748
2019-05-20,-0.1759812067448317
2019-05-21,-0.3466453043002342
2019-05-22,-0.230472220737906
2019-05-23,-0.05844485956557791
2019-05-24,-0.9016061906431683
2019-05-28,-0.9646400582899213
2019-05-29,-0.8574994035140084
2019-05-30,0.3577253723649699
2019-05-31,-0.4162159417385813
2019-06-03,-0.06353586431414786
2019-06-04,-0.8511277124481307
2019-06-05,-0.8781879798014564
2019-06-06,0.8956890984179265
2019-06-07,0.9285227684005053
2019-06-10,0.8805197101982367
2019-06-11,-0.7422271706361072
2019-06-12,-0.8919690911522198
2019-06-13,0.27384268970897974
2019-06-14,0.2623780939595871
2019-06-17,-0.3411516161969312
2019-06-18,0.214094758879403
2019-06-19,-0.4630205525030349
2019-06-20,0.9774887122804804
2019-06-21,0.6339601952825423
2019-06-24,-0.999981985181986
2019-06-25,-0.917106362205283
2019-06-26,-0.8541735149172522
2019-06-27,-0.9236090368523028
2019-06-28,-0.21337637224346348
2019-07-01,-0.4005356936864699
2019-07-02,-0.9278037844017698
2019-07-03,0.9925628487100993
2019-07-05,0.7799063050464403
2019-07-08,-0.4775945806111398
2019-07-09,-0.9141246876810704
2019-07-10,-0.585766661134933
2019-07-11,-0.93426079254549
2019-07-12,-0.2434506463352222
2019-07-15,-0.036394310595716926
2019-07-16,0.9015322140191575
2019-07-17,0.6640820950023185
2019-07-18,-0.1194727962934122
2019-07-19,0.21711501722865226
2019-07-22,0.46444498207074875
2019-07-23,-0.9999778798955873
2019-07-24,-0.9661177452680987
2019-07-25,-0.9999972339698605
2019-07-26,-0.6218650891285752
2019-07-29,-0.39745159206953073
2019-07-30,0.6224516637239597
2019-07-31,-0.99933435316894
2019-08-01,-0.9981265634052952
2019-08-02,-0.9816335623128213
2019-08-05,-0.9937722641587594
2019-08-06,-0.98219523075069
2019-08-07,-0.18245399006492924
2019-08-08,0.5668515778905047
2019-08-09,0.06676309438166658
2019-08-12,0.9826911201137308
2019-08-13,-0.1684877345790418
2019-08-14,0.6187494532676951
2019-08-15,0.9732928458465796
2019-08-16,0.7468748162555063
2019-08-19,0.8891338965948727
2019-08-20,0.9085135106660679
2019-08-21,-0.35774604376397473
2019-08-22,-0.997896572674085
2019-08-23,-0.9992440598286871
2019-08-26,-0.9556879388734205
2019-08-27,-0.37933421504216747
2019-08-28,-0.6891398146130441
2019-08-29,-0.941961315388025
2019-08-30,-0.9183647236243392
2019-09-03,-0.9879345129002611
2019-09-04,-0.18492178891255875
2019-09-05,-0.9845134539016869
2019-09-06,-0.608030243715761
2019-09-09,-0.9868138617018646
2019-09-10,-0.9369412925500828
2019-09-11,-0.277477861169124
2019-09-12,0.8457309967724386
2019-09-13,0.9991804322863062
2019-09-16,0.9802436692716066
2019-09-17,0.38776912327931745
2019-09-18,-0.8910916696348552
2019-09-19,-0.10111125749519691
2019-09-20,0.6541332072012526
2019-09-23,0.6348567814234503
2019-09-24,0.9622866008152966
2019-09-25,0.6398446580709748
2019-09-26,-0.3696158217703274
2019-09-27,0.45400702046450675
2019-09-30,-0.3343031399542197
2019-10-01,-0.624192200953824
2019-10-02,-0.9947869010235695
2019-10-03,-0.3021018520809081
2019-10-04,-0.920186121464496
2019-10-07,-0.8917570455623354
2019-10-08,-0.29788531508706656
2019-10-09,0.12781994275328235
2019-10-10,0.9010691014454455
2019-10-11,-0.9418260051707652
2019-10-14,-0.9974088916358801
2019-10-15,-0.9836043738095901
2019-10-16,-0.7671488687412809
2019-10-17,0.5766167065883079
2019-10-18,0.9525519384414448
2019-10-21,0.9946918428683955
2019-10-22,0.9948005312407475
2019-10-23,-0.10979821506432735
2019-10-24,-0.9284116258051561
2019-10-25,0.9445564474928121
2019-10-28,0.9620856940971221
2019-10-29,0.9379201667955154
2019-10-30,-0.8365999526614946
2019-10-31,-0.5317767054971163
2019-11-01,0.9756639194798495
2019-11-04,0.8827936578152046
2019-11-05,0.9871761936141019
2019-11-06,0.9309017734686075
2019-11-07,-0.9281046459042761
2019-11-08,-0.9271953089968584
2019-11-11,-0.6155121307585772
2019-11-12,0.9321090476608127
2019-11-13,0.9095469160222205
2019-11-14,-0.915108230016309
2019-11-15,-0.9745692114443296
2019-11-18,-0.9130458757766445
2019-11-19,-0.018468065295487758
2019-11-20,0.970442759376825
2019-11-21,0.9050081485748733
2019-11-22,-0.23277698254586232
2019-11-25,-0.86179776373467
2019-11-26,-0.7521066451555899
2019-11-27,0.9858522779227834
2019-11-29,0.11942640216545675
2019-12-02,0.6475829824957191
2019-12-03,0.9037629348647261
2019-12-04,-0.43741964288612983
2019-12-05,0.3499281907091536
2019-12-06,0.8354552721301305
2019-12-09,0.523820525459906
2019-12-10,0.9750984583090739
2019-12-11,-0.4538230341329129
2019-12-12,-0.3273319930914855
2019-12-13,0.8650463400827345
2019-12-16,-0.9968326229882383
2019-12-17,-0.9038291727887392
2019-12-18,-0.9375418146490775
2019-12-19,0.32317767993598256
2019-12-20,-0.7239054790224312
2019-12-23,0.6875034643227189
2019-12-24,0.9998564271333187
2019-12-26,-0.9515742417572427
2019-12-27,-0.7914108725125873
2019-12-30,-0.5365442003885368
2019-12-31,-0.03339608635719899
2020-01-02,-0.9975905424318141
2020-01-03,-0.8405958181474028
2020-01-06,-0.46118372142359476
2020-01-07,0.21348307969973115
2020-01-08,-0.28369575569573013
2020-01-09,-0.9896148817615512
2020-01-10,-0.621255306035723
2020-01-13,0.033067851558976465
2020-01-14,0.28150800639952456
2020-01-15,-0.3630288104240005
2020-01-16,-0.9998451278940732
2020-01-17,0.41210781622955567
2020-01-21,0.9780069647994226
2020-01-22,0.937772878640532
2020-01-23,-0.9999414935146176
2020-01-24,0.2726645710521491
2020-01-27,-0.9548057939200638
2020-01-28,-0.37606225338426796
2020-01-29,0.9999817246976045
2020-01-30,0.9980515243164598
2020-01-31,0.5002150205967971
2020-02-03,0.7840546460811656
2020-02-04,-0.9999180143388849
2020-02-05,0.6563123646902693
2020-02-06,0.9998209456969697
2020-02-07,-0.23326529091675338
2020-02-10,0.22512785404249586
2020-02-11,0.7436568907946971
2020-02-12,0.8217223102139481
2020-02-13,0.728875348510383
2020-02-14,0.9760650651613596
2020-02-18,0.9979913875695255
2020-02-19,-0.6159835851031914
2020-02-20,-0.6110141985215765
2020-02-21,-0.8370947428977419
2020-02-24,-0.2696187320890854
2020-02-25,0.893022133633396
2020-02-26,0.8407876731500427
2020-02-27,0.6072500607169805
2020-02-28,0.7832643191431107
2020-03-02,0.908134429703981
2020-03-03,0.9673259063820684
2020-03-04,-0.06876013418563753
2020-03-05,-0.4468875290026411
2020-03-06,-0.9765495418996788
2020-03-09,0.9784697238533524
2020-03-10,0.7963979434605536
2020-03-11,-0.5674641666296307
2020-03-12,0.9381959468938426
2020-03-13,0.7325562849379611
2020-03-16,0.938393379741035
2020-03-17,0.9979618934134487
2020-03-18,0.5210973759804721
2020-03-19,-0.4415991813922328
2020-03-20,-0.41855374983806837
2020-03-23,-0.8154250458890504
2020-03-24,0.7413172203827095
2020-03-25,0.9645797855424634
2020-03-26,0.03680280382271856
2020-03-27,0.2158960127357141
2020-03-30,0.4156072117976815
2020-03-31,-0.953786926082051
2020-04-01,-0.9760807229074391
2020-04-02,-0.4791593926332332
2020-04-03,0.9190186569756605
2020-04-06,0.9942722561041862
2020-04-07,0.9894539683795673
2020-04-08,0.8240742869551775
2020-04-09,0.8795448721844303
2020-04-13,0.1758071667329224
2020-04-14,-0.19321661702075063
2020-04-15,0.258961263221986
2020-04-16,0.16080676950954492
2020-04-22,0.2568398335077832
2020-04-23,0.8115460371162568
2020-04-24,0.69148849747209
2020-04-27,0.9851636410293109
2020-04-28,0.9192417723318727
2020-04-29,0.9804151562244615
2020-04-30,0.974656693959485
2020-05-01,-0.5553486111585221
2020-05-04,-0.9507854354367461
2020-05-05,0.9995348532782309
2020-05-06,-0.06488012670472613
2020-05-07,0.6010668050402183
2020-05-08,0.7077932787086435
2020-05-11,-0.5672535151446689
2020-05-12,0.3570666278893637
2020-05-13,-0.962318075586722
2020-05-14,-0.34753897988429344
2020-05-15,0.3799907746801384
2020-05-18,0.39614079602373553
2020-05-19,0.9393924334975584
2020-05-20,-0.7842453621214526
2020-05-21,-0.33925980988213483
2020-05-22,0.9970127688426614
2020-05-26,-0.9065656044863103
2020-05-27,0.053549114319827236
2020-05-28,0.792181234768183
2020-05-29,-0.17268614874000773
2020-06-01,0.7630550850813672
2020-06-02,-0.0982291613710729
2020-06-03,-0.6542474585827581
2020-06-04,0.6948483114280358
2020-06-05,-0.5544839328661881
2020-06-08,-0.39946958010879163
2020-06-09,0.6394532458272777
2020-06-10,-0.9222361143170344
2020-06-11,0.9800014290841709
2020-06-12,0.9962291336049762
2020-06-15,0.8370829242692425
2020-06-16,0.798117639716984
2020-06-17,0.8655065579460893
2020-06-18,0.7476920000939471
2020-06-19,0.8984842149806653
2020-06-22,0.8323740615059657
2020-06-23,0.8978461651057298
2020-06-24,0.9788479196693483
2020-06-25,0.8541506192581256
2020-06-26,0.7067459738422555
2020-06-29,0.9357782299023996
2020-06-30,-0.48714093427837735
2020-07-01,0.14257823551719181
2020-07-02,-0.10089876428834317
2020-07-06,0.8022736190933113
2020-07-07,0.973398245212661
2020-07-08,0.8384310282757169
2020-07-09,0.9912809063107938
2020-07-10,0.05360968189885501
2020-07-13,0.44154482508912024
2020-07-14,0.22076694421267032
2020-07-15,-0.8117544467538791
2020-07-16,-0.5727619016168812
2020-07-17,0.8382712145878508
2020-07-20,0.9241660655988831
2020-07-21,0.6683053290731304
2020-07-22,0.9200672525123762
2020-07-23,-0.3012121403768734
2020-07-24,-0.37952577249577724
2020-07-27,0.6423025502902446
2020-07-28,0.6285368311235167
2020-07-29,0.9922289767933494
2020-07-30,0.9390800674502855
2020-07-31,0.8495494269985151
2020-08-03,0.6418761011672237
2020-08-04,-0.9999616974637493
2020-08-05,0.9092954749490689
2020-08-06,0.8895095586227773
2020-08-07,-0.4185057745077288
2020-08-10,0.6477199026679623
2020-08-11,0.959781934747307
2020-08-12,0.44677589146715874
2020-08-13,0.7650081633740324
2020-08-14,-0.9904325477322742
2020-08-17,0.9995789142126842
2020-08-18,0.49784648606514026
2020-08-19,0.44691196573819986
2020-08-20,0.9749416690216012
2020-08-21,-0.5982016636455848
2020-08-24,-0.09038660692421507
2020-08-25,-0.31621625153732574
2020-08-26,-0.4627700906258444
2020-08-27,0.1390885557546099
2020-08-28,0.5431603453848711
2020-08-31,0.7507328787387315
2020-09-01,0.8193866814387035
2020-09-02,-0.641881720470055
2020-09-03,0.7211142861773889
2020-09-04,0.9242895967810674
2020-09-08,0.5646584811925422
2020-09-09,0.8918122753554115
2020-09-10,0.07509887452622838
2020-09-11,-0.9673483995503068
2020-09-14,0.9972931160300232
2020-09-15,0.9999999997627529
2020-09-16,-0.01995301620279494
2020-09-17,-0.6792099736497917
2020-09-18,0.8925477215907149
2020-09-21,0.8731764710242839
2020-09-22,0.6914133966740824
2020-09-23,0.9765279461243664
2020-09-24,0.22763928524005134
2020-09-25,0.5606318655475205
2020-09-28,-0.5527830827385347
2020-09-29,0.3361474825146033
2020-09-30,-0.5642141488338108
2020-10-01,-0.928173336911843
2020-10-02,0.12069029899086738
2020-10-05,0.9196810408950351
2020-10-06,0.9990903536391462
2020-10-07,0.6145524290030763
2020-10-08,0.852820360777613
2020-10-16,0.05782935009373825
2020-10-19,-0.9148124252936034
2020-10-20,-0.842260253896726
2020-10-21,0.18797923269326014
2020-10-22,0.21377268931916574
2020-10-23,0.8014849142085338
2020-10-26,-0.9984064911039395
2020-10-27,-0.7446121495349541
2020-10-28,0.11273160494151102
2020-10-29,0.9924770158068048
2020-10-30,0.09743829211610261
2020-11-02,-0.47041166450998906
2020-11-03,0.9183179894305936
2020-11-04,0.9617384009209133
2020-11-05,0.9002824168469324
2020-11-06,0.9999887353036014
2020-11-09,-0.9974228297276151
2020-11-10,-0.9686042221144433
2020-11-11,0.996710305506206
2020-11-12,-0.3211932369963877
2020-11-13,-0.2091702578425424
2020-11-16,0.8874279880669378
2020-11-17,0.3830888840531832
2020-11-18,-0.8128289066457902
2020-11-19,-0.9185372215080259
2020-11-20,-0.8090796408024978
2020-11-23,-0.8455328105688137
2020-11-24,0.8263700647091787
2020-11-25,0.9052813187038349
2020-11-27,-0.6324017687861344
2020-11-30,-0.98987837525652
2020-12-01,-0.2204457311988437
2020-12-02,-0.8062443277065261
2020-12-03,0.7402678299176918
2020-12-04,-0.9654100610481048
2020-12-07,-0.8804502610634607
2020-12-08,-0.9891532433966155
2020-12-09,-0.08919228050594281
2020-12-10,-0.20983481654633357
2020-12-11,0.9958267153986305
2020-12-14,-0.9289047014683676
2020-12-15,0.2949576484925143
2020-12-16,0.6519216274310474
2020-12-17,0.9342219667619712
2020-12-18,0.6781673340323425
2020-12-21,0.03512563529215916
2020-12-22,-0.5039557801025654
2020-12-23,-0.9754063221731317
2020-12-24,0.27774633549957845
2020-12-28,0.9864654626679065
2020-12-29,0.9493930500262011
2020-12-30,-0.031523961985084295
2020-12-31,0.6993331514663074
2021-01-04,-0.8810676231371692
2021-01-05,-0.6164796282864131
2021-01-06,0.9878389086097366
2021-01-07,0.9602072754729619
2021-01-08,0.9954833015427571
2021-01-11,0.8115401719555003
2021-01-12,0.9590207609252911
2021-01-13,0.7963890712391409
2021-01-14,-0.23538374219571473
2021-01-15,0.3678313678328485
2021-01-19,0.18765715826532853
2021-01-20,-0.9669520555776112
2021-01-21,-0.5922172130098107
2021-01-22,-0.05159408598847829
2021-01-25,-0.6119417919481919
2021-01-26,-0.9942748867187325
2021-01-27,0.9908777706552879
2021-01-28,0.9739840645628753
2021-01-29,-0.6707577986905315
2021-02-01,-0.8339809093941448
2021-02-02,0.5707583315313662
2021-02-03,0.895809947471784
2021-02-04,0.3214675272394023
2021-02-05,0.3143645321911876
2021-02-08,0.9749482006815553
2021-02-09,0.9853828729444088
2021-02-10,0.5479859672442426
2021-02-11,0.9388579077472521
2021-02-12,0.6071457969411034
2021-02-16,0.1806423685642658
2021-02-17,-0.9508174248965308
2021-02-18,-0.421945032154489
2021-02-19,-0.6539000669887072
2021-02-22,-0.2948950521843642
2021-02-23,0.5668423004752035
2021-02-24,-0.44477006946583836
2021-02-25,0.9905164576286591
2021-02-26,0.9977910548756191
2021-03-01,0.9995598041266769
2021-03-02,0.9993208460637995
2021-03-03,-0.5351179468026835
2021-03-04,-0.07222033716375888
2021-03-05,0.38870751252818386
2021-03-08,0.332348374345181
2021-03-09,0.5547427505970584
2021-03-10,0.9998955083296605
2021-03-11,0.9993587905637616
2021-03-12,0.9433981205047436
2021-03-15,-0.993175964657675
2021-03-16,-0.9059772367011862
2021-03-17,0.6398542645828965
2021-03-18,0.17187233350791212
2021-03-19,0.8592929664559753
2021-03-22,-0.9991950061687175
2021-03-23,-0.4750465824315023
2021-03-24,0.752996153492963
2021-03-25,0.20848409629940082
2021-03-26,0.8577088754783324
2021-03-29,0.8811073043766667
2021-03-30,-0.8605753142710757
2021-03-31,-0.3961274403702568
2021-04-01,0.9759245782330908
2021-04-05,0.7043503481374649
2021-04-06,-0.4789533537302338
2021-04-07,-0.5486421136014951
2021-04-08,0.3176573216424556
2021-04-09,0.749914332756993
2021-04-12,0.4427654442272078
2021-04-13,0.9342822252809131
2021-04-14,0.4227259623337181
2021-04-15,0.38606882506078927
2021-04-16,-0.609919695095904
2021-04-19,0.5843958351229153
2021-04-20,0.7575804907345224
2021-04-21,-0.8765958889842133
2021-04-22,-0.05268894294780144
2021-04-23,0.15453542255444236
2021-04-26,0.42150527807470156
2021-04-27,0.9356777523349231
2021-04-28,-0.49696160294131514
2021-04-29,-0.9699614102052536
2021-04-30,-0.7723227352459046
2021-05-03,-0.9653194224338233
2021-05-04,0.8602980026171659
2021-05-05,0.539857051780124
2021-05-06,0.3439520932432521
2021-05-07,-0.08582885841171335
2021-05-10,0.9977793184325946
2021-05-11,0.48421853033933926
2021-05-12,0.9258025572575788
2021-05-13,0.8677393400264545
2021-05-14,0.9326129854046422
2021-05-17,-0.3327226452063473
2021-05-18,0.7351904664503538
2021-05-19,0.7571427627611349
2021-05-20,0.4211716211606381
2021-05-21,0.6155064586476361
2021-05-24,-0.04039818674322274
2021-05-25,0.9999999749827517
2021-05-26,0.6861463630867127
2021-05-27,0.16731880871956778
2021-05-28,-0.9167693730342793
2021-06-01,-0.9489237573260342
2021-06-02,0.6256581021825963
2021-06-03,-0.7236497657997264
2021-06-04,-0.9446288963045293
2021-06-07,-0.7585008186164826
2021-06-08,0.9729902326962597
2021-06-09,-0.9977470634710723
2021-06-10,-0.03221403427286389
2021-06-11,-0.2432805362366808
2021-06-14,0.9252278748350927
