,BTC
2021-06-12,37076.04000000
2021-06-11,37331.98000000
2021-06-10,36675.72000000
2021-06-09,37388.05000000
2021-06-08,33380.81000000
2021-06-07,33552.79000000
2021-06-06,35796.31000000
2021-06-05,35513.20000000
2021-06-04,36829.00000000
2021-06-03,39246.79000000
2021-06-02,37568.68000000
2021-06-01,36693.09000000
2021-05-31,37253.81000000
2021-05-30,35641.27000000
2021-05-29,34605.15000000
2021-05-28,35663.49000000
2021-05-27,38529.98000000
2021-05-26,39241.91000000
2021-05-25,38324.72000000
2021-05-24,38796.29000000
2021-05-23,34655.25000000
2021-05-22,37449.73000000
2021-05-21,37252.01000000
2021-05-20,40526.64000000
2021-05-19,36690.09000000
2021-05-18,42849.78000000
2021-05-17,43538.04000000
2021-05-16,46431.50000000
2021-05-15,46762.99000000
2021-05-14,49841.45000000
2021-05-13,49670.97000000
2021-05-12,49631.32000000
2021-05-11,56670.02000000
2021-05-10,55816.14000000
2021-05-09,58240.84000000
2021-05-08,58862.05000000
2021-05-07,57314.75000000
2021-05-06,56393.68000000
2021-05-05,57436.11000000
2021-05-04,53200.01000000
2021-05-03,57169.39000000
2021-05-02,56578.21000000
2021-05-01,57800.37000000
2021-04-30,57694.27000000
2021-04-29,53555.00000000
2021-04-28,54846.22000000
2021-04-27,55011.97000000
2021-04-26,54001.39000000
2021-04-25,49066.77000000
2021-04-24,50047.84000000
2021-04-23,51125.14000000
2021-04-22,51690.96000000
2021-04-21,53787.63000000
2021-04-20,56425.00000000
2021-04-19,55633.14000000
2021-04-18,56150.01000000
2021-04-17,60006.66000000
2021-04-16,61334.80000000
2021-04-15,63159.98000000
2021-04-14,62959.53000000
2021-04-13,63575.00000000
2021-04-12,59860.00000000
2021-04-11,60002.43000000
2021-04-10,59769.13000000
2021-04-09,58142.54000000
2021-04-08,58077.52000000
2021-04-07,55953.45000000
2021-04-06,57991.15000000
2021-04-05,59129.99000000
2021-04-04,58202.01000000
2021-04-03,57051.94000000
2021-04-02,58950.01000000
2021-04-01,58720.44000000
2021-03-31,58740.55000000
2021-03-30,58746.57000000
2021-03-29,57635.47000000
2021-03-28,55777.63000000
2021-03-27,55817.14000000
2021-03-26,55025.59000000
2021-03-25,51293.78000000
2021-03-24,52303.65000000
2021-03-23,54340.89000000
2021-03-22,54083.25000000
2021-03-21,57351.56000000
2021-03-20,58102.28000000
2021-03-19,58030.01000000
2021-03-18,57648.16000000
2021-03-17,58912.97000000
2021-03-16,56900.75000000
2021-03-15,55605.20000000
2021-03-14,58968.31000000
2021-03-13,61188.39000000
2021-03-12,57221.72000000
2021-03-11,57773.16000000
2021-03-10,55851.59000000
2021-03-09,54884.50000000
2021-03-08,52375.17000000
2021-03-07,50971.75000000
2021-03-06,48882.20000000
2021-03-05,48751.71000000
2021-03-04,48374.09000000
2021-03-03,50349.37000000
2021-03-02,48440.65000000
2021-03-01,49587.03000000
2021-02-28,45135.66000000
2021-02-27,46106.43000000
2021-02-26,46276.87000000
2021-02-25,47073.73000000
2021-02-24,49676.20000000
2021-02-23,48891.00000000
2021-02-22,54087.67000000
2021-02-21,57408.57000000
2021-02-20,55841.19000000
2021-02-19,55906.00000000
2021-02-18,51552.60000000
2021-02-17,52119.71000000
2021-02-16,49133.45000000
2021-02-15,47911.10000000
2021-02-14,48577.79000000
2021-02-13,47153.69000000
2021-02-12,47287.60000000
2021-02-11,47969.51000000
2021-02-10,44807.58000000
2021-02-09,46420.42000000
2021-02-08,46374.87000000
2021-02-07,38795.69000000
2021-02-06,39186.94000000
2021-02-05,38290.24000000
2021-02-04,36936.66000000
2021-02-03,37618.87000000
2021-02-02,35466.24000000
2021-02-01,33526.37000000
2021-01-31,33092.98000000
2021-01-30,34262.88000000
2021-01-29,34252.20000000
2021-01-28,33364.86000000
2021-01-27,30366.15000000
2021-01-26,32467.77000000
2021-01-25,32254.20000000
2021-01-24,32259.90000000
2021-01-23,32078.00000000
2021-01-22,32945.17000000
2021-01-21,30850.13000000
2021-01-20,35468.23000000
2021-01-19,35891.49000000
2021-01-18,36631.27000000
2021-01-17,35828.61000000
2021-01-16,35994.98000000
2021-01-15,36742.22000000
2021-01-14,39144.50000000
2021-01-13,37371.38000000
2021-01-12,34051.24000000
2021-01-11,35404.47000000
2021-01-10,38150.02000000
2021-01-09,40088.22000000
2021-01-08,40582.81000000
2021-01-07,39432.28000000
2021-01-06,36769.36000000
2021-01-05,33949.53000000
2021-01-04,31988.71000000
2021-01-03,33000.05000000
2021-01-02,32178.33000000
2021-01-01,29331.69000000
2020-12-31,28923.63000000
2020-12-30,28875.54000000
2020-12-29,27385.00000000
2020-12-28,27079.41000000
2020-12-27,26281.66000000
2020-12-26,26493.39000000
2020-12-25,24712.47000000
2020-12-24,23729.20000000
2020-12-23,23232.76000000
2020-12-22,23810.79000000
2020-12-21,22719.71000000
2020-12-20,23455.52000000
2020-12-19,23821.61000000
2020-12-18,23107.39000000
2020-12-17,22797.16000000
2020-12-16,21335.52000000
2020-12-15,19426.43000000
2020-12-14,19273.14000000
2020-12-13,19174.99000000
2020-12-12,18808.69000000
2020-12-11,18036.53000000
2020-12-10,18254.63000000
2020-12-09,18541.28000000
2020-12-08,18324.11000000
2020-12-07,19166.90000000
2020-12-06,19359.40000000
2020-12-05,19147.66000000
2020-12-04,18650.52000000
2020-12-03,19421.90000000
2020-12-02,19204.09000000
2020-12-01,18764.96000000
2020-11-30,19695.87000000
2020-11-29,18184.99000000
2020-11-28,17719.85000000
2020-11-27,17139.52000000
2020-11-26,17149.47000000
2020-11-25,18719.11000000
2020-11-24,19160.01000000
2020-11-23,18368.00000000
2020-11-22,18414.43000000
2020-11-21,18703.80000000
2020-11-20,18655.67000000
2020-11-19,17802.82000000
2020-11-18,17776.12000000
2020-11-17,17659.38000000
2020-11-16,16713.57000000
2020-11-15,15957.00000000
2020-11-14,16070.45000000
2020-11-13,16320.70000000
2020-11-12,16291.86000000
2020-11-11,15684.24000000
2020-11-10,15297.21000000
2020-11-09,15328.41000000
2020-11-08,15475.10000000
2020-11-07,14818.30000000
2020-11-06,15579.92000000
2020-11-05,15590.02000000
2020-11-04,14144.01000000
2020-11-03,14023.53000000
2020-11-02,13549.37000000
2020-11-01,13761.50000000
2020-10-31,13791.00000000
2020-10-30,13560.10000000
2020-10-29,13455.70000000
2020-10-28,13266.40000000
2020-10-27,13636.17000000
2020-10-26,13052.19000000
2020-10-25,13028.83000000
2020-10-24,13111.73000000
2020-10-23,12923.07000000
2020-10-22,12968.52000000
2020-10-21,12780.96000000
2020-10-20,11909.99000000
2020-10-19,11751.47000000
2020-10-18,11503.14000000
2020-10-17,11360.20000000
2020-10-16,11319.32000000
2020-10-15,11505.12000000
2020-10-14,11417.89000000
2020-10-13,11420.56000000
2020-10-12,11528.25000000
2020-10-11,11369.02000000
2020-10-10,11293.22000000
2020-10-09,11050.64000000
2020-10-08,10925.57000000
2020-10-07,10666.39000000
2020-10-06,10599.66000000
2020-10-05,10792.21000000
2020-10-04,10666.63000000
2020-10-03,10542.06000000
2020-10-02,10570.40000000
2020-10-01,10619.13000000
2020-09-30,10776.59000000
2020-09-29,10840.48000000
2020-09-28,10696.12000000
2020-09-27,10774.25000000
2020-09-26,10728.60000000
2020-09-25,10686.67000000
2020-09-24,10736.32000000
2020-09-23,10241.46000000
2020-09-22,10529.61000000
2020-09-21,10417.22000000
2020-09-20,10920.28000000
2020-09-19,11080.65000000
2020-09-18,10933.39000000
2020-09-17,10939.99000000
2020-09-16,10954.01000000
2020-09-15,10785.31000000
2020-09-14,10671.77000000
2020-09-13,10332.83000000
2020-09-12,10440.92000000
2020-09-11,10387.89000000
2020-09-10,10336.87000000
2020-09-09,10219.20000000
2020-09-08,10126.65000000
2020-09-07,10373.44000000
2020-09-06,10256.20000000
2020-09-05,10166.69000000
2020-09-04,10446.25000000
2020-09-03,10140.85000000
2020-09-02,11388.54000000
2020-09-01,11921.97000000
2020-08-31,11649.51000000
2020-08-30,11711.16000000
2020-08-29,11465.84000000
2020-08-28,11526.91000000
2020-08-27,11330.38000000
2020-08-26,11461.43000000
2020-08-25,11318.42000000
2020-08-24,11748.20000000
2020-08-23,11648.13000000
2020-08-22,11662.96000000
2020-08-21,11531.34000000
2020-08-20,11853.55000000
2020-08-19,11754.59000000
2020-08-18,11945.01000000
2020-08-17,12281.13000000
2020-08-16,11911.00000000
2020-08-15,11852.40000000
2020-08-14,11760.54000000
2020-08-13,11780.00000000
2020-08-12,11564.33000000
2020-08-11,11392.08000000
2020-08-10,11892.92000000
2020-08-09,11681.68000000
2020-08-08,11761.41000000
2020-08-07,11594.23000000
2020-08-06,11762.46000000
2020-08-05,11744.91000000
2020-08-04,11191.97000000
2020-08-03,11219.81000000
2020-08-02,11071.35000000
2020-08-01,11801.17000000
2020-07-31,11335.46000000
2020-07-30,11099.61000000
2020-07-29,11100.53000000
2020-07-28,10906.27000000
2020-07-27,11029.96000000
2020-07-26,9931.54000000
2020-07-25,9700.42000000
2020-07-24,9537.80000000
2020-07-23,9603.27000000
2020-07-22,9518.16000000
2020-07-21,9390.00000000
2020-07-20,9160.78000000
2020-07-19,9208.99000000
2020-07-18,9170.28000000
2020-07-17,9154.32000000
2020-07-16,9133.72000000
2020-07-15,9197.60000000
2020-07-14,9255.85000000
2020-07-13,9242.62000000
2020-07-12,9302.75000000
2020-07-11,9234.03000000
2020-07-10,9288.34000000
2020-07-09,9232.43000000
2020-07-08,9436.06000000
2020-07-07,9257.39000000
2020-07-06,9344.20000000
2020-07-05,9069.41000000
2020-07-04,9135.46000000
2020-07-03,9058.26000000
2020-07-02,9086.54000000
2020-07-01,9232.00000000
2020-06-30,9138.55000000
2020-06-29,9192.56000000
2020-06-28,9116.35000000
2020-06-27,9012.00000000
2020-06-26,9162.21000000
2020-06-25,9249.49000000
2020-06-24,9296.49000000
2020-06-23,9624.89000000
2020-06-22,9685.69000000
2020-06-21,9294.69000000
2020-06-20,9358.95000000
2020-06-19,9310.23000000
2020-06-18,9386.32000000
2020-06-17,9465.14000000
2020-06-16,9525.59000000
2020-06-15,9426.02000000
2020-06-14,9342.10000000
2020-06-13,9473.34000000
2020-06-12,9465.13000000
2020-06-11,9280.40000000
2020-06-10,9885.00000000
2020-06-09,9772.43000000
2020-06-08,9782.01000000
2020-06-07,9746.99000000
2020-06-06,9666.30000000
2020-06-05,9621.16000000
2020-06-04,9789.06000000
2020-06-03,9666.24000000
2020-06-02,9518.04000000
2020-06-01,10200.77000000
2020-05-31,9448.27000000
2020-05-30,9697.72000000
2020-05-29,9427.07000000
2020-05-28,9575.89000000
2020-05-27,9204.07000000
2020-05-26,8841.18000000
2020-05-25,8900.35000000
2020-05-24,8720.34000000
2020-05-23,9179.15000000
2020-05-22,9170.00000000
2020-05-21,9068.65000000
2020-05-20,9511.43000000
2020-05-19,9775.53000000
2020-05-18,9733.93000000
2020-05-17,9680.04000000
2020-05-16,9381.27000000
2020-05-15,9316.42000000
2020-05-14,9791.98000000
2020-05-13,9309.37000000
2020-05-12,8810.79000000
2020-05-11,8561.52000000
2020-05-10,8722.77000000
2020-05-09,9539.40000000
2020-05-08,9800.01000000
2020-05-07,9986.40000000
2020-05-06,9142.92000000
2020-05-05,9021.83000000
2020-05-04,8871.96000000
2020-05-03,8894.16000000
2020-05-02,8972.05000000
2020-05-01,8826.96000000
2020-04-30,8620.00000000
2020-04-29,8778.57000000
2020-04-28,7738.98000000
2020-04-27,7774.62000000
2020-04-26,7693.10000000
2020-04-25,7538.67000000
2020-04-24,7505.00000000
2020-04-23,7482.39000000
2020-04-22,7125.14000000
2020-04-21,6841.37000000
2020-04-20,6826.83000000
2020-04-19,7120.74000000
2020-04-18,7248.60000000
2020-04-17,7027.55000000
2020-04-16,7101.94000000
2020-04-15,6621.24000000
2020-04-14,6868.70000000
2020-04-13,6837.91000000
2020-04-12,6903.79000000
2020-04-11,6876.83000000
2020-04-10,6858.92000000
2020-04-09,7283.54000000
2020-04-08,7361.28000000
2020-04-07,7197.32000000
2020-04-06,7329.90000000
2020-04-05,6772.78000000
2020-04-04,6856.99000000
2020-04-03,6734.10000000
2020-04-02,6794.09000000
2020-04-01,6642.92000000
2020-03-31,6410.44000000
2020-03-30,6394.38000000
2020-03-29,5881.42000000
2020-03-28,6236.65000000
2020-03-27,6359.11000000
2020-03-26,6737.36000000
2020-03-25,6677.43000000
2020-03-24,6744.72000000
2020-03-23,6467.31000000
2020-03-22,5816.19000000
2020-03-21,6186.98000000
2020-03-20,6208.36000000
2020-03-19,6162.37000000
2020-03-18,5393.04000000
2020-03-17,5312.64000000
2020-03-16,5028.97000000
2020-03-15,5361.30000000
2020-03-14,5172.06000000
2020-03-13,5578.60000000
2020-03-12,4800.00000000
2020-03-11,7934.52000000
2020-03-10,7894.56000000
2020-03-09,7929.87000000
2020-03-08,8033.31000000
2020-03-07,8886.66000000
2020-03-06,9131.88000000
2020-03-05,9054.68000000
2020-03-04,8750.87000000
2020-03-03,8760.07000000
2020-03-02,8915.24000000
2020-03-01,8531.88000000
2020-02-29,8523.61000000
2020-02-28,8692.91000000
2020-02-27,8823.21000000
2020-02-26,8785.25000000
2020-02-25,9315.84000000
2020-02-24,9656.13000000
2020-02-23,9936.40000000
2020-02-22,9650.86000000
2020-02-21,9677.05000000
2020-02-20,9596.42000000
2020-02-19,9593.79000000
2020-02-18,10164.71000000
2020-02-17,9706.00000000
2020-02-16,9917.27000000
2020-02-15,9904.72000000
2020-02-14,10344.36000000
2020-02-13,10229.63000000
2020-02-12,10326.46000000
2020-02-11,10223.08000000
2020-02-10,9851.83000000
2020-02-09,10151.75000000
2020-02-08,9895.05000000
2020-02-07,9813.73000000
2020-02-06,9772.00000000
2020-02-05,9612.04000000
2020-02-04,9197.02000000
2020-02-03,9292.24000000
2020-02-02,9331.51000000
2020-02-01,9384.61000000
2020-01-31,9352.89000000
2020-01-30,9513.21000000
2020-01-29,9301.53000000
2020-01-28,9374.21000000
2020-01-27,8907.57000000
2020-01-26,8615.00000000
2020-01-25,8340.58000000
2020-01-24,8439.00000000
2020-01-23,8404.52000000
2020-01-22,8682.36000000
2020-01-21,8736.03000000
2020-01-20,8642.35000000
2020-01-19,8701.70000000
2020-01-18,8915.96000000
2020-01-17,8913.28000000
2020-01-16,8720.01000000
2020-01-15,8821.41000000
2020-01-14,8810.01000000
2020-01-13,8110.34000000
2020-01-12,8184.98000000
2020-01-11,8020.01000000
2020-01-10,8197.02000000
2020-01-09,7817.76000000
2020-01-08,8055.98000000
2020-01-07,8145.28000000
2020-01-06,7758.00000000
2020-01-05,7358.75000000
2020-01-04,7354.11000000
2020-01-03,7344.96000000
2020-01-02,6965.71000000
2020-01-01,7200.85000000
2019-12-31,7195.23000000
2019-12-30,7246.00000000
2019-12-29,7388.24000000
2019-12-28,7316.14000000
2019-12-27,7254.74000000
2019-12-26,7202.00000000
2019-12-25,7204.63000000
2019-12-24,7255.77000000
2019-12-23,7317.09000000
2019-12-22,7501.44000000
2019-12-21,7132.75000000
2019-12-20,7187.83000000
2019-12-19,7150.30000000
2019-12-18,7277.83000000
2019-12-17,6623.82000000
2019-12-16,6891.72000000
2019-12-15,7118.59000000
2019-12-14,7064.05000000
2019-12-13,7258.48000000
2019-12-12,7198.08000000
2019-12-11,7210.00000000
2019-12-10,7224.13000000
2019-12-09,7338.64000000
2019-12-08,7510.11000000
2019-12-07,7488.21000000
2019-12-06,7527.47000000
2019-12-05,7389.00000000
2019-12-04,7194.32000000
2019-12-03,7292.71000000
2019-12-02,7294.28000000
2019-12-01,7390.89000000
2019-11-30,7541.89000000
2019-11-29,7739.68000000
2019-11-28,7419.49000000
2019-11-27,7508.52000000
2019-11-26,7156.14000000
2019-11-25,7109.57000000
2019-11-24,6903.28000000
2019-11-23,7311.57000000
2019-11-22,7268.23000000
2019-11-21,7627.74000000
2019-11-20,8098.01000000
2019-11-19,8133.64000000
2019-11-18,8187.17000000
2019-11-17,8502.40000000
2019-11-16,8491.02000000
2019-11-15,8471.73000000
2019-11-14,8646.68000000
2019-11-13,8777.12000000
2019-11-12,8821.94000000
2019-11-11,8733.27000000
2019-11-10,9039.47000000
2019-11-09,8809.41000000
2019-11-08,8773.73000000
2019-11-07,9216.20000000
2019-11-06,9339.05000000
2019-11-05,9308.66000000
2019-11-04,9393.35000000
2019-11-03,9194.71000000
2019-11-02,9289.52000000
2019-11-01,9231.61000000
2019-10-31,9140.85000000
2019-10-30,9154.72000000
2019-10-29,9407.62000000
2019-10-28,9205.14000000
2019-10-27,9529.93000000
2019-10-26,9230.00000000
2019-10-25,8655.02000000
2019-10-24,7412.41000000
2019-10-23,7466.62000000
2019-10-22,8020.00000000
2019-10-21,8197.27000000
2019-10-20,8223.35000000
2019-10-19,7948.01000000
2019-10-18,7947.01000000
2019-10-17,8070.58000000
2019-10-16,7991.74000000
2019-10-15,8159.29000000
2019-10-14,8348.20000000
2019-10-13,8275.01000000
2019-10-12,8300.09000000
2019-10-11,8258.50000000
2019-10-10,8558.03000000
2019-10-09,8560.74000000
2019-10-08,8168.39000000
2019-10-07,8190.09000000
2019-10-06,7854.25000000
2019-10-05,8126.19000000
2019-10-04,8137.13000000
2019-10-03,8223.96000000
2019-10-02,8359.94000000
2019-10-01,8292.44000000
2019-09-30,8289.34000000
2019-09-29,8043.82000000
2019-09-28,8198.81000000
2019-09-27,8177.91000000
2019-09-26,8063.73000000
2019-09-25,8430.05000000
2019-09-24,8493.14000000
2019-09-23,9702.25000000
2019-09-22,10028.87000000
2019-09-21,9986.39000000
2019-09-20,10168.59000000
2019-09-19,10244.29000000
2019-09-18,10156.99000000
2019-09-17,10187.82000000
2019-09-16,10251.31000000
2019-09-15,10302.01000000
2019-09-14,10335.02000000
2019-09-13,10342.06000000
2019-09-12,10415.01000000
2019-09-11,10158.33000000
2019-09-10,10098.15000000
2019-09-09,10303.12000000
2019-09-08,10381.18000000
2019-09-07,10455.88000000
2019-09-06,10298.73000000
2019-09-05,10564.49000000
2019-09-04,10567.02000000
2019-09-03,10615.28000000
2019-09-02,10340.00000000
2019-09-01,9724.98000000
2019-08-31,9587.47000000
2019-08-30,9584.54000000
2019-08-29,9498.44000000
2019-08-28,9721.00000000
2019-08-27,10185.05000000
2019-08-26,10372.25000000
2019-08-25,10142.69000000
2019-08-24,10134.35000000
2019-08-23,10389.55000000
2019-08-22,10099.88000000
2019-08-21,10142.57000000
2019-08-20,10760.51000000
2019-08-19,10915.54000000
2019-08-18,10306.78000000
2019-08-17,10216.02000000
2019-08-16,10331.54000000
2019-08-15,10293.93000000
2019-08-14,10050.37000000
2019-08-13,10892.71000000
2019-08-12,11396.08000000
2019-08-11,11549.97000000
2019-08-10,11309.31000000
2019-08-09,11879.99000000
2019-08-08,11999.77000000
2019-08-07,11975.03000000
2019-08-06,11481.69000000
2019-08-05,11828.80000000
2019-08-04,10929.23000000
2019-08-03,10816.86000000
2019-08-02,10523.75000000
2019-08-01,10374.99000000
2019-07-31,10080.53000000
2019-07-30,9574.21000000
2019-07-29,9507.64000000
2019-07-28,9541.54000000
2019-07-27,9476.52000000
2019-07-26,9824.00000000
2019-07-25,9879.87000000
2019-07-24,9763.28000000
2019-07-23,9864.91000000
2019-07-22,10340.31000000
2019-07-21,10589.45000000
2019-07-20,10740.23000000
2019-07-19,10504.29000000
2019-07-18,10627.16000000
2019-07-17,9667.92000000
2019-07-16,9439.59000000
2019-07-15,10838.72000000
2019-07-14,10174.18000000
2019-07-13,11355.76000000
2019-07-12,11757.22000000
2019-07-11,11342.89000000
2019-07-10,12108.37000000
2019-07-09,12543.41000000
2019-07-08,12238.60000000
2019-07-07,11406.24000000
2019-07-06,11256.49000000
2019-07-05,10970.73000000
2019-07-04,11145.67000000
2019-07-03,11940.00000000
2019-07-02,10842.85000000
2019-07-01,10624.93000000
2019-06-30,10854.10000000
2019-06-29,11903.13000000
2019-06-28,12400.63000000
2019-06-27,11329.99000000
2019-06-26,13093.80000000
2019-06-25,11820.86000000
2019-06-24,11056.59000000
2019-06-23,10906.07000000
2019-06-22,10729.50000000
2019-06-21,10159.86000000
2019-06-20,9517.12000000
2019-06-19,9255.49000000
2019-06-18,9081.55000000
2019-06-17,9313.96000000
2019-06-16,8953.33000000
2019-06-15,8808.70000000
2019-06-14,8650.00000000
2019-06-13,8218.54000000
2019-06-12,8127.64000000
2019-06-11,7884.90000000
2019-06-10,7982.75000000
2019-06-09,7628.13000000
2019-06-08,7893.62000000
2019-06-07,7980.53000000
2019-06-06,7786.70000000
2019-06-05,7776.50000000
2019-06-04,7687.03000000
2019-06-03,8115.82000000
2019-06-02,8725.98000000
2019-06-01,8544.07000000
2019-05-31,8555.00000000
2019-05-30,8269.54000000
2019-05-29,8645.68000000
2019-05-28,8715.64000000
2019-05-27,8756.32000000
2019-05-26,8614.43000000
2019-05-25,8025.41000000
2019-05-24,7964.87000000
2019-05-23,7851.51000000
2019-05-22,7628.43000000
2019-05-21,7904.87000000
2019-05-20,7938.15000000
2019-05-19,8148.48000000
2019-05-18,7257.45000000
2019-05-17,7355.26000000
2019-05-16,7866.59000000
2019-05-15,8169.87000000
2019-05-14,7947.56000000
2019-05-13,7790.71000000
2019-05-12,6967.31000000
2019-05-11,7076.22000000
2019-05-10,6373.33000000
2019-05-09,6209.18000000
2019-05-08,5987.29000000
2019-05-07,5846.34000000
2019-05-06,5747.79000000
2019-05-05,5775.62000000
2019-05-04,5829.45000000
2019-05-03,5772.69000000
2019-05-02,5492.87000000
2019-05-01,5383.20000000
2019-04-30,5320.81000000
2019-04-29,5238.14000000
2019-04-28,5307.52000000
2019-04-27,5295.69000000
2019-04-26,5314.10000000
2019-04-25,5219.90000000
2019-04-24,5415.00000000
2019-04-23,5493.31000000
2019-04-22,5357.14000000
2019-04-21,5256.14000000
2019-04-20,5291.73000000
2019-04-19,5258.68000000
2019-04-18,5258.44000000
2019-04-17,5202.82000000
2019-04-16,5173.72000000
2019-04-15,5024.95000000
2019-04-14,5131.30000000
2019-04-13,5045.22000000
2019-04-12,5048.01000000
2019-04-11,5017.37000000
2019-04-10,5308.25000000
2019-04-09,5150.00000000
2019-04-08,5236.90000000
2019-04-07,5170.27000000
2019-04-06,5043.89000000
2019-04-05,5004.95000000
2019-04-04,4898.66000000
2019-04-03,4932.60000000
2019-04-02,4857.29000000
2019-04-01,4144.56000000
2019-03-31,4103.95000000
2019-03-30,4106.97000000
2019-03-29,4103.25000000
2019-03-28,4027.81000000
2019-03-27,4038.05000000
2019-03-26,3948.55000000
2019-03-25,3936.12000000
2019-03-24,3992.18000000
2019-03-23,4006.01000000
2019-03-22,3986.93000000
2019-03-21,3980.64000000
2019-03-20,4043.04000000
2019-03-19,4015.53000000
2019-03-18,3987.81000000
2019-03-17,3981.14000000
2019-03-16,4005.98000000
2019-03-15,3923.76000000
2019-03-14,3877.12000000
2019-03-13,3866.00000000
2019-03-12,3882.73000000
2019-03-11,3871.61000000
2019-03-10,3916.82000000
2019-03-09,3943.04000000
2019-03-08,3864.89000000
2019-03-07,3873.64000000
2019-03-06,3861.84000000
2019-03-05,3857.73000000
2019-03-04,3715.30000000
2019-03-03,3807.75000000
2019-03-02,3819.93000000
2019-03-01,3823.00000000
2019-02-28,3813.69000000
2019-02-27,3818.07000000
2019-02-26,3809.23000000
2019-02-25,3827.92000000
2019-02-24,3743.56000000
2019-02-23,4117.76000000
2019-02-22,3962.00000000
2019-02-21,3937.31000000
2019-02-20,3969.74000000
2019-02-19,3907.79000000
2019-02-18,3898.60000000
2019-02-17,3667.58000000
2019-02-16,3618.41000000
2019-02-15,3602.47000000
2019-02-14,3590.56000000
2019-02-13,3609.40000000
2019-02-12,3631.46000000
2019-02-11,3631.05000000
2019-02-10,3680.06000000
2019-02-09,3665.18000000
2019-02-08,3659.04000000
2019-02-07,3398.40000000
2019-02-06,3405.37000000
2019-02-05,3471.59000000
2019-02-04,3463.22000000
2019-02-03,3458.11000000
2019-02-02,3504.77000000
2019-02-01,3462.07000000
2019-01-31,3434.10000000
2019-01-30,3458.18000000
2019-01-29,3411.04000000
2019-01-28,3434.15000000
2019-01-27,3550.84000000
2019-01-26,3565.25000000
2019-01-25,3565.29000000
2019-01-24,3569.62000000
2019-01-23,3552.82000000
2019-01-22,3570.93000000
2019-01-21,3526.90000000
2019-01-20,3539.28000000
2019-01-19,3665.30000000
2019-01-18,3594.87000000
2019-01-17,3616.21000000
2019-01-16,3591.84000000
2019-01-15,3553.06000000
2019-01-14,3626.09000000
2019-01-13,3476.81000000
2019-01-12,3583.13000000
2019-01-11,3601.31000000
2019-01-10,3585.88000000
2019-01-09,3966.65000000
2019-01-08,3955.13000000
2019-01-07,3975.45000000
2019-01-06,3987.60000000
2019-01-05,3770.96000000
2019-01-04,3792.01000000
2019-01-03,3766.78000000
2019-01-02,3858.56000000
2019-01-01,3797.14000000
2018-12-31,3702.90000000
2018-12-30,3801.91000000
2018-12-29,3695.32000000
2018-12-28,3839.26000000
2018-12-27,3567.91000000
2018-12-26,3777.74000000
2018-12-25,3745.79000000
2018-12-24,4008.01000000
2018-12-23,3929.71000000
2018-12-22,3948.91000000
2018-12-21,3838.66000000
2018-12-20,4049.62000000
2018-12-19,3662.22000000
2018-12-18,3652.98000000
2018-12-17,3509.08000000
2018-12-16,3228.67000000
2018-12-15,3211.72000000
2018-12-14,3224.17000000
2018-12-13,3302.06000000
2018-12-12,3445.00000000
2018-12-11,3380.39000000
2018-12-10,3432.88000000
2018-12-09,3545.37000000
2018-12-08,3410.93000000
2018-12-07,3403.55000000
2018-12-06,3508.75000000
2018-12-05,3769.84000000
2018-12-04,3951.64000000
2018-12-03,3884.01000000
2018-12-02,4161.01000000
2018-12-01,4190.02000000
2018-11-30,4041.32000000
2018-11-29,4295.84000000
2018-11-28,4264.85000000
2018-11-27,3875.21000000
2018-11-26,3862.20000000
2018-11-25,4085.78000000
2018-11-24,3932.44000000
2018-11-23,4420.61000000
2018-11-22,4370.00000000
2018-11-21,4661.07000000
2018-11-20,4558.86000000
2018-11-19,4910.03000000
2018-11-18,5662.00000000
2018-11-17,5628.29000000
2018-11-16,5655.94000000
2018-11-15,5753.40000000
2018-11-14,5922.41000000
2018-11-13,6457.66000000
2018-11-12,6453.07000000
2018-11-11,6449.81000000
2018-11-10,6433.05000000
2018-11-09,6419.99000000
2018-11-08,6479.84000000
2018-11-07,6578.46000000
2018-11-06,6519.11000000
2018-11-05,6468.99000000
2018-11-04,6485.85000000
2018-11-03,6387.09000000
2018-11-02,6433.98000000
2018-11-01,6410.00000000
2018-10-31,6371.93000000
2018-10-30,6330.87000000
2018-10-29,6344.50000000
2018-10-28,6489.93000000
2018-10-27,6505.60000000
2018-10-26,6538.63000000
2018-10-25,6528.09000000
2018-10-24,6565.50000000
2018-10-23,6553.51000000
2018-10-22,6581.20000000
2018-10-21,6590.11000000
2018-10-20,6588.40000000
2018-10-19,6528.88000000
2018-10-18,6618.96000000
2018-10-17,6740.89000000
2018-10-16,6759.27000000
2018-10-15,6752.50000000
2018-10-14,6339.34000000
2018-10-13,6332.93000000
2018-10-12,6298.01000000
2018-10-11,6252.68000000
2018-10-10,6631.00000000
2018-10-09,6656.61000000
2018-10-08,6673.01000000
2018-10-07,6615.26000000
2018-10-06,6594.27000000
2018-10-05,6635.65000000
2018-10-04,6593.79000000
2018-10-03,6510.00000000
2018-10-02,6525.79000000
2018-10-01,6611.61000000
2018-09-30,6626.57000000
2018-09-29,6596.38000000
2018-09-28,6634.58000000
2018-09-27,6689.13000000
2018-09-26,6465.12000000
2018-09-25,6447.54000000
2018-09-24,6581.39000000
2018-09-23,6708.00000000
2018-09-22,6723.05000000
2018-09-21,6759.02000000
2018-09-20,6492.00000000
2018-09-19,6391.89000000
2018-09-18,6336.45000000
2018-09-17,6248.69000000
