,Date,BTC,ETH,LTC,XRP,SPY
0,2021-06-15,40624.02000000,2606.83000000,179.82000000,0.89870000,424.5
1,2021-06-14,40516.29000000,2580.77000000,179.89000000,0.89060000,425.29
2,2021-06-11,37331.98000000,2354.01000000,162.83000000,0.84710000,424.31
3,2021-06-10,36675.72000000,2471.09000000,168.16000000,0.86860000,423.58
4,2021-06-09,37388.05000000,2610.18000000,172.56000000,0.92180000,421.62
5,2021-06-08,33380.81000000,2507.23000000,160.63000000,0.87310000,422.27
6,2021-06-07,33552.79000000,2592.05000000,161.95000000,0.86180000,422.23
7,2021-06-04,36829.00000000,2689.51000000,178.44000000,0.96830000,422.57
8,2021-06-03,39246.79000000,2857.25000000,193.50000000,1.04500000,418.86
9,2021-06-02,37568.68000000,2706.22000000,187.14000000,1.02410000,420.38
10,2021-06-01,36693.09000000,2634.57000000,182.99000000,1.01080000,419.63
11,2021-05-28,35663.49000000,2412.10000000,177.33000000,0.89850000,420.02
12,2021-05-27,38529.98000000,2742.23000000,194.32000000,0.97470000,419.69
13,2021-05-26,39241.91000000,2884.94000000,198.91000000,1.03160000,419.04
14,2021-05-25,38324.72000000,2705.11000000,183.76000000,0.97460000,418.25
15,2021-05-24,38796.29000000,2648.43000000,185.32000000,0.99300000,419.12
16,2021-05-21,37252.01000000,2430.98000000,179.97000000,1.00620000,414.95
17,2021-05-20,40526.64000000,2768.62000000,210.74000000,1.17950000,415.24
18,2021-05-19,36690.09000000,2438.92000000,185.93000000,1.05680000,410.9
19,2021-05-18,42849.78000000,3375.07000000,293.98000000,1.58890000,411.99
20,2021-05-17,43538.04000000,3282.51000000,281.53000000,1.49460000,415.55
21,2021-05-14,49841.45000000,4075.01000000,326.23000000,1.40000000,416.53
22,2021-05-13,49670.97000000,3717.91000000,317.95000000,1.36400000,410.26
23,2021-05-12,49631.32000000,3823.21000000,310.40000000,1.26910000,405.45
24,2021-05-11,56670.02000000,4173.45000000,377.60000000,1.47860000,414.27
25,2021-05-10,55816.14000000,3945.88000000,358.89000000,1.39060000,417.98
26,2021-05-07,57314.75000000,3479.53000000,344.89000000,1.57930000,422.09
27,2021-05-06,56393.68000000,3489.73000000,354.67000000,1.60280000,419.08
28,2021-05-05,57436.11000000,3524.26000000,356.04000000,1.61330000,415.72
29,2021-05-04,53200.01000000,3239.01000000,305.23000000,1.38770000,415.64
30,2021-05-03,57169.39000000,3431.04000000,294.87000000,1.55460000,418.18
31,2021-04-30,57694.27000000,2772.42000000,271.13000000,1.59880000,417.3
32,2021-04-29,53555.00000000,2757.04000000,255.31000000,1.39780000,419.98
33,2021-04-28,54846.22000000,2748.24000000,258.51000000,1.35760000,417.35
34,2021-04-27,55011.97000000,2666.13000000,259.77000000,1.40170000,417.48
35,2021-04-26,54001.39000000,2532.60000000,247.42000000,1.36290000,417.64
36,2021-04-23,51125.14000000,2367.39000000,241.31000000,1.17073000,416.72
37,2021-04-22,51690.96000000,2397.94000000,252.50000000,1.15489000,412.3
38,2021-04-21,53787.63000000,2357.06000000,257.69000000,1.29097000,416.08
39,2021-04-20,56425.00000000,2330.03000000,260.68000000,1.38501000,412.22
40,2021-04-19,55633.14000000,2161.12000000,261.38000000,1.30945000,415.24
41,2021-04-16,61334.80000000,2422.67000000,308.43000000,1.54805000,417.31
42,2021-04-15,63159.98000000,2514.04000000,285.63000000,1.75781000,415.82
43,2021-04-14,62959.53000000,2432.60000000,278.86000000,1.83468000,411.48
44,2021-04-13,63575.00000000,2299.19000000,267.59000000,1.79611000,412.82
45,2021-04-12,59860.00000000,2137.69000000,244.42000000,1.46843000,411.62
46,2021-04-09,58142.54000000,2066.87000000,221.12000000,1.01721000,411.435
47,2021-04-08,58077.52000000,2080.46000000,226.11000000,1.05599000,408.49
48,2021-04-07,55953.45000000,1963.47000000,219.05000000,0.91542000,406.5711
49,2021-04-06,57991.15000000,2112.21000000,237.04000000,1.09663000,406.06
50,2021-04-05,59129.99000000,2107.38000000,221.48000000,0.91584000,406.3
51,2021-04-01,58720.44000000,1968.05000000,202.86000000,0.57087000,400.53
52,2021-03-31,58740.55000000,1919.37000000,196.70000000,0.56982000,396.26
53,2021-03-30,58746.57000000,1840.46000000,195.74000000,0.56210000,394.78
54,2021-03-29,57635.47000000,1816.74000000,193.73000000,0.56538000,395.485
55,2021-03-26,55025.59000000,1698.84000000,183.45000000,0.56357000,395.97
56,2021-03-25,51293.78000000,1585.74000000,171.53000000,0.51058000,389.64
57,2021-03-24,52303.65000000,1581.84000000,176.05000000,0.48021000,387.55
58,2021-03-23,54340.89000000,1668.08000000,185.83000000,0.54980000,389.59
59,2021-03-22,54083.25000000,1680.97000000,185.67000000,0.54410000,392.54
60,2021-03-19,58030.01000000,1809.10000000,199.96000000,0.46651000,389.5
61,2021-03-18,57648.16000000,1776.08000000,199.70000000,0.46893000,391.41
62,2021-03-17,58912.97000000,1823.58000000,205.98000000,0.46980000,397.22
63,2021-03-16,56900.75000000,1805.12000000,201.60000000,0.46024000,395.94
64,2021-03-15,55605.20000000,1793.48000000,200.59000000,0.43574000,396.47
65,2021-03-12,57221.72000000,1766.10000000,220.84000000,0.43934000,394.09
66,2021-03-11,57773.16000000,1825.78000000,201.36000000,0.45187000,393.5
67,2021-03-10,55851.59000000,1795.12000000,200.29000000,0.46155000,389.5199
68,2021-03-09,54884.50000000,1870.51000000,203.81000000,0.48490000,387.11
69,2021-03-08,52375.17000000,1833.18000000,191.85000000,0.47412000,381.74
70,2021-03-05,48751.71000000,1528.31000000,180.23000000,0.45457000,383.595
71,2021-03-04,48374.09000000,1539.23000000,180.67000000,0.48096000,376.73
72,2021-03-03,50349.37000000,1567.69000000,187.64000000,0.44846000,381.45
73,2021-03-02,48440.65000000,1486.78000000,179.08000000,0.43570000,386.55
74,2021-03-01,49587.03000000,1569.86000000,175.89000000,0.44537000,389.52
75,2021-02-26,46276.87000000,1444.59000000,170.25000000,0.42788000,380.32
76,2021-02-25,47073.73000000,1481.75000000,179.36000000,0.43601000,382.39
77,2021-02-24,49676.20000000,1623.39000000,181.43000000,0.46860000,391.76
78,2021-02-23,48891.00000000,1577.89000000,177.34000000,0.47579000,387.5
79,2021-02-22,54087.67000000,1777.58000000,208.32000000,0.56646000,387.11
80,2021-02-19,55906.00000000,1955.00000000,236.50000000,0.56465000,390.02
81,2021-02-18,51552.60000000,1939.61000000,226.59000000,0.53204000,390.75
82,2021-02-17,52119.71000000,1849.88000000,237.49000000,0.53467000,392.43
83,2021-02-16,49133.45000000,1781.99000000,210.26000000,0.51995000,392.34
84,2021-02-12,47287.60000000,1840.26000000,196.69000000,0.60900000,392.69
85,2021-02-11,47969.51000000,1785.62000000,183.62000000,0.52806000,390.73
86,2021-02-10,44807.58000000,1740.78000000,181.56000000,0.50429000,390.1
87,2021-02-09,46420.42000000,1769.13000000,181.49000000,0.47636000,390.25
88,2021-02-08,46374.87000000,1750.15000000,167.28000000,0.45099000,390.53
89,2021-02-05,38290.24000000,1719.19000000,155.05000000,0.45219000,387.68
90,2021-02-04,36936.66000000,1595.67000000,145.07000000,0.44545000,386.17
91,2021-02-03,37618.87000000,1664.49000000,155.93000000,0.39721000,381.86
92,2021-02-02,35466.24000000,1511.87000000,141.98000000,0.37254000,381.54
93,2021-02-01,33526.37000000,1374.17000000,132.00000000,0.37106000,376.18
94,2021-01-29,34252.20000000,1379.50000000,134.65000000,0.28290000,370.19
95,2021-01-28,33364.86000000,1329.69000000,133.27000000,0.26407000,377.6
96,2021-01-27,30366.15000000,1239.03000000,122.44000000,0.25039000,374.44
97,2021-01-26,32467.77000000,1365.97000000,134.67000000,0.26834000,383.83
98,2021-01-25,32254.20000000,1317.88000000,137.07000000,0.26757000,384.4
99,2021-01-22,32945.17000000,1232.62000000,137.66000000,0.27217000,382.86
100,2021-01-21,30850.13000000,1110.96000000,129.72000000,0.26802000,384.2
101,2021-01-20,35468.23000000,1376.99000000,149.69000000,0.29539000,383.86
102,2021-01-19,35891.49000000,1365.36000000,151.86000000,0.29396000,378.63
103,2021-01-15,36742.22000000,1168.53000000,143.65000000,0.27991000,375.68
104,2021-01-14,39144.50000000,1231.62000000,152.50000000,0.29642000,378.45
105,2021-01-13,37371.38000000,1129.89000000,147.38000000,0.30582000,379.76
106,2021-01-12,34051.24000000,1050.16000000,133.42000000,0.29254000,378.81
107,2021-01-11,35404.47000000,1087.01000000,138.87000000,0.28743000,378.74
108,2021-01-08,40582.81000000,1216.93000000,172.19000000,0.32032000,381.24
109,2021-01-07,39432.28000000,1224.87000000,169.35000000,0.32389000,379.06
110,2021-01-06,36769.36000000,1208.42000000,168.92000000,0.24854000,373.53
111,2021-01-05,33949.53000000,1099.56000000,158.43000000,0.22573000,371.32
112,2021-01-04,31988.71000000,1041.43000000,155.34000000,0.23565000,368.85
113,2020-12-31,28923.63000000,736.42000000,124.21000000,0.21959000,373.85
114,2020-12-30,28875.54000000,752.17000000,130.05000000,0.21138000,371.93
115,2020-12-29,27385.00000000,732.00000000,128.80000000,0.22142000,371.48
116,2020-12-28,27079.41000000,730.41000000,129.83000000,0.24845000,372.14
117,2020-12-24,23729.20000000,612.31000000,111.13000000,0.33863000,368.9899
118,2020-12-23,23232.76000000,585.56000000,102.45000000,0.26050000,367.53
119,2020-12-22,23810.79000000,636.45000000,114.32000000,0.44642000,367.22
120,2020-12-21,22719.71000000,607.58000000,104.45000000,0.51445000,367.93
121,2020-12-18,23107.39000000,653.85000000,109.34000000,0.58337000,369.13
122,2020-12-17,22797.16000000,642.70000000,101.01000000,0.57690000,372.21
123,2020-12-16,21335.52000000,637.18000000,92.94000000,0.56941000,370.14
124,2020-12-15,19426.43000000,588.64000000,81.32000000,0.46793000,369.57
125,2020-12-14,19273.14000000,586.29000000,82.35000000,0.49740000,364.61
126,2020-12-11,18036.53000000,544.43000000,72.20000000,0.54945000,366.28
127,2020-12-10,18254.63000000,558.99000000,74.70000000,0.57267000,366.72
128,2020-12-09,18541.28000000,573.09000000,77.41000000,0.58265000,366.89
129,2020-12-08,18324.11000000,554.94000000,76.76000000,0.55890000,370.1599
130,2020-12-07,19166.90000000,591.28000000,83.37000000,0.60818000,369.12
131,2020-12-04,18650.52000000,567.24000000,79.52000000,0.55367000,369.83
132,2020-12-03,19421.90000000,615.85000000,89.00000000,0.63046000,366.6698
133,2020-12-02,19204.09000000,596.89000000,88.90000000,0.62972000,366.7599
134,2020-12-01,18764.96000000,585.26000000,85.08000000,0.61088000,365.97
135,2020-11-30,19695.87000000,616.66000000,87.65000000,0.66417000,362.0
136,2020-11-27,17139.52000000,518.68000000,69.15000000,0.56230000,363.65
137,2020-11-25,18719.11000000,569.50000000,81.75000000,0.63022000,362.65
138,2020-11-24,19160.01000000,604.97000000,89.25000000,0.69400000,363.19
139,2020-11-23,18368.00000000,608.58000000,89.03000000,0.61579000,357.47
140,2020-11-20,18655.67000000,510.12000000,82.53000000,0.32991000,355.34
141,2020-11-19,17802.82000000,471.25000000,81.53000000,0.30358000,357.76
142,2020-11-18,17776.12000000,478.41000000,73.42000000,0.29335000,356.29
143,2020-11-17,17659.38000000,482.15000000,76.32000000,0.30247000,360.64
144,2020-11-16,16713.57000000,460.55000000,73.84000000,0.28813000,362.43
145,2020-11-13,16320.70000000,476.43000000,65.96000000,0.26590000,357.33
146,2020-11-12,16291.86000000,462.39000000,60.72000000,0.25490000,353.28
147,2020-11-11,15684.24000000,463.09000000,59.27000000,0.25581000,356.62
148,2020-11-10,15297.21000000,450.34000000,57.93000000,0.25380000,354.07
149,2020-11-09,15328.41000000,444.32000000,59.23000000,0.25059000,354.54
150,2020-11-06,15579.92000000,455.91000000,63.20000000,0.25863000,350.19
151,2020-11-05,15590.02000000,416.69000000,58.95000000,0.24561000,350.21
152,2020-11-04,14144.01000000,402.49000000,54.67000000,0.23758000,343.495
153,2020-11-03,14023.53000000,387.88000000,53.96000000,0.23960000,335.97
154,2020-11-02,13549.37000000,383.02000000,53.80000000,0.23523000,330.21
155,2020-10-30,13560.10000000,382.49000000,54.01000000,0.23905000,326.53
156,2020-10-29,13455.70000000,387.13000000,54.87000000,0.24239000,329.99
157,2020-10-28,13266.40000000,388.23000000,55.77000000,0.24540000,326.67
158,2020-10-27,13636.17000000,403.45000000,57.91000000,0.25273000,338.25
159,2020-10-26,13052.19000000,392.52000000,56.82000000,0.24810000,339.415
160,2020-10-23,12923.07000000,409.11000000,55.42000000,0.25471000,345.76
161,2020-10-22,12968.52000000,413.98000000,54.35000000,0.25709000,344.63
162,2020-10-21,12780.96000000,390.38000000,52.98000000,0.25088000,342.69
163,2020-10-20,11909.99000000,368.52000000,46.88000000,0.24322000,343.34
164,2020-10-19,11751.47000000,379.30000000,47.99000000,0.24558000,342.02
165,2020-10-16,11319.32000000,365.50000000,47.60000000,0.24011000,347.25
166,2020-10-15,11505.12000000,377.64000000,49.53000000,0.24596000,347.51
167,2020-10-14,11417.89000000,378.69000000,49.79000000,0.24906000,347.97
168,2020-10-13,11420.56000000,381.04000000,49.89000000,0.25650000,350.15
169,2020-10-12,11528.25000000,386.51000000,50.58000000,0.25603000,352.43
170,2020-10-09,11050.64000000,365.02000000,47.78000000,0.25293000,346.84
171,2020-10-08,10925.57000000,350.95000000,47.21000000,0.25141000,343.73
172,2020-10-07,10666.39000000,341.58000000,46.55000000,0.24870000,340.73
173,2020-10-06,10599.66000000,340.75000000,45.99000000,0.24545000,334.94
174,2020-10-05,10792.21000000,353.62000000,46.34000000,0.25030000,339.73
175,2020-10-02,10570.40000000,345.60000000,44.88000000,0.23386000,333.87
176,2020-10-01,10619.13000000,352.85000000,46.25000000,0.23819000,337.03
177,2020-09-30,10776.59000000,359.83000000,46.24000000,0.24171000,334.89
178,2020-09-29,10840.48000000,359.79000000,45.69000000,0.24285000,332.39
179,2020-09-28,10696.12000000,353.96000000,45.23000000,0.24107000,334.2
180,2020-09-25,10686.67000000,351.92000000,46.02000000,0.24154000,328.69
181,2020-09-24,10736.32000000,348.97000000,44.92000000,0.23276000,323.52
182,2020-09-23,10241.46000000,320.72000000,42.96000000,0.22164000,322.66
183,2020-09-22,10529.61000000,344.21000000,44.47000000,0.23302000,330.33
184,2020-09-21,10417.22000000,340.36000000,43.16000000,0.23102000,327.0
185,2020-09-18,10933.39000000,384.39000000,48.54000000,0.25065000,330.69
186,2020-09-17,10939.99000000,389.36000000,48.85000000,0.25214000,335.86
187,2020-09-16,10954.01000000,365.11000000,47.76000000,0.24686000,338.81
188,2020-09-15,10785.31000000,364.06000000,48.31000000,0.24331000,340.15
189,2020-09-14,10671.77000000,377.12000000,49.08000000,0.24564000,338.42
190,2020-09-11,10387.89000000,373.63000000,48.96000000,0.24252000,334.08
191,2020-09-10,10336.87000000,367.93000000,48.67000000,0.24302000,333.92
192,2020-09-09,10219.20000000,350.85000000,47.82000000,0.23901000,339.76
193,2020-09-08,10126.65000000,337.39000000,47.47000000,0.23657000,333.26
194,2020-09-04,10446.25000000,385.26000000,50.32000000,0.25385000,342.6
195,2020-09-03,10140.85000000,381.40000000,47.28000000,0.24409000,345.41
196,2020-09-02,11388.54000000,439.50000000,58.06000000,0.27595000,357.68
197,2020-09-01,11921.97000000,475.40000000,62.69000000,0.29521000,352.56
198,2020-08-31,11649.51000000,433.79000000,60.92000000,0.28115000,349.34
199,2020-08-28,11526.91000000,395.11000000,57.38000000,0.27174000,350.54
200,2020-08-27,11330.38000000,383.27000000,56.10000000,0.26469000,348.29
201,2020-08-26,11461.43000000,385.81000000,58.10000000,0.27653000,347.56
202,2020-08-25,11318.42000000,382.93000000,58.34000000,0.27625000,344.0999
203,2020-08-24,11748.20000000,407.68000000,62.02000000,0.28840000,342.94
204,2020-08-21,11531.34000000,387.97000000,59.20000000,0.27933000,339.44
205,2020-08-20,11853.55000000,415.94000000,62.80000000,0.29218000,338.25
206,2020-08-19,11754.59000000,407.46000000,62.12000000,0.28975000,337.22
207,2020-08-18,11945.01000000,421.95000000,65.40000000,0.30251000,338.62
208,2020-08-17,12281.13000000,430.89000000,67.22000000,0.31539000,337.88
209,2020-08-14,11760.54000000,438.11000000,56.78000000,0.29995000,336.86
210,2020-08-13,11780.00000000,424.54000000,57.14000000,0.29420000,336.86
211,2020-08-12,11564.33000000,387.18000000,54.52000000,0.28233000,337.42
212,2020-08-11,11392.08000000,379.00000000,54.10000000,0.28310000,332.82
213,2020-08-10,11892.92000000,395.44000000,58.27000000,0.29469000,335.55
214,2020-08-07,11594.23000000,379.34000000,57.17000000,0.29437000,334.55
215,2020-08-06,11762.46000000,394.77000000,59.03000000,0.30311000,334.31
216,2020-08-05,11744.91000000,400.72000000,58.88000000,0.30228000,332.06
217,2020-08-04,11191.97000000,389.61000000,57.61000000,0.30138000,330.03
218,2020-08-03,11219.81000000,385.94000000,58.48000000,0.31016000,328.76
219,2020-07-31,11335.46000000,346.33000000,58.13000000,0.25939000,326.55
220,2020-07-30,11099.61000000,334.87000000,56.75000000,0.24408000,323.98
221,2020-07-29,11100.53000000,317.71000000,55.16000000,0.24327000,325.09
222,2020-07-28,10906.27000000,316.77000000,55.75000000,0.23029000,321.2
223,2020-07-27,11029.96000000,321.93000000,53.28000000,0.22437000,323.18
224,2020-07-24,9537.80000000,279.15000000,44.11000000,0.20392000,320.86
225,2020-07-23,9603.27000000,275.30000000,44.94000000,0.20851000,322.935
226,2020-07-22,9518.16000000,263.74000000,44.96000000,0.20348000,326.82
227,2020-07-21,9390.00000000,245.59000000,43.77000000,0.19949000,324.96
228,2020-07-20,9160.78000000,236.01000000,41.94000000,0.19465000,324.36
229,2020-07-17,9154.32000000,232.67000000,41.90000000,0.19440000,321.67
230,2020-07-16,9133.72000000,233.57000000,42.09000000,0.19444000,320.81
231,2020-07-15,9197.60000000,238.61000000,43.33000000,0.19721000,321.865
232,2020-07-14,9255.85000000,240.44000000,43.88000000,0.19909000,318.89
233,2020-07-13,9242.62000000,239.50000000,43.92000000,0.19867000,314.81
234,2020-07-10,9288.34000000,241.26000000,44.30000000,0.19909000,317.61
235,2020-07-09,9232.43000000,241.98000000,44.33000000,0.20263000,314.42
236,2020-07-08,9436.06000000,246.95000000,45.35000000,0.20551000,316.12
237,2020-07-07,9257.39000000,239.39000000,43.39000000,0.18508000,313.72
238,2020-07-06,9344.20000000,241.60000000,44.06000000,0.18875000,316.99
239,2020-07-02,9086.54000000,226.46000000,41.05000000,0.17477000,312.18
240,2020-07-01,9232.00000000,230.99000000,41.77000000,0.17647000,310.57
241,2020-06-30,9138.55000000,225.60000000,41.17000000,0.17533000,308.57
242,2020-06-29,9192.56000000,227.93000000,41.87000000,0.17726000,304.43
243,2020-06-26,9162.21000000,229.64000000,43.09000000,0.18249000,300.01
244,2020-06-25,9249.49000000,232.50000000,42.35000000,0.18156000,307.31
245,2020-06-24,9296.49000000,234.58000000,42.65000000,0.18348000,304.12
246,2020-06-23,9624.89000000,243.14000000,44.18000000,0.18889000,312.03
247,2020-06-22,9685.69000000,243.13000000,44.30000000,0.18928000,310.68
248,2020-06-19,9310.23000000,229.00000000,42.89000000,0.18722000,308.56
249,2020-06-18,9386.32000000,231.27000000,43.43000000,0.18975000,311.74
250,2020-06-17,9465.14000000,233.82000000,44.07000000,0.19315000,311.56
251,2020-06-16,9525.59000000,235.30000000,43.88000000,0.19238000,312.93
252,2020-06-15,9426.02000000,230.86000000,43.73000000,0.19238000,307.03
253,2020-06-12,9465.13000000,237.55000000,44.72000000,0.19307000,304.28
254,2020-06-11,9280.40000000,230.51000000,43.22000000,0.18817000,300.62
255,2020-06-10,9885.00000000,247.78000000,46.63000000,0.20266000,319.01
256,2020-06-09,9772.43000000,243.80000000,45.87000000,0.20127000,320.81
257,2020-06-08,9782.01000000,246.40000000,46.43000000,0.20403000,323.25
258,2020-06-05,9621.16000000,240.03000000,46.83000000,0.20274000,319.27
259,2020-06-04,9789.06000000,243.21000000,47.43000000,0.20427000,311.31
260,2020-06-03,9666.24000000,244.52000000,47.16000000,0.20410000,312.2117
261,2020-06-02,9518.04000000,237.71000000,45.99000000,0.20301000,308.13
262,2020-06-01,10200.77000000,248.23000000,48.25000000,0.21100000,305.58
263,2020-05-29,9427.07000000,220.67000000,44.47000000,0.19759000,304.16
264,2020-05-28,9575.89000000,220.21000000,44.77000000,0.20052000,302.96
265,2020-05-27,9204.07000000,208.29000000,43.85000000,0.19791000,303.48
266,2020-05-26,8841.18000000,200.89000000,42.27000000,0.19372000,299.15
267,2020-05-22,9170.00000000,207.36000000,44.23000000,0.20034000,295.42
268,2020-05-21,9068.65000000,198.74000000,42.73000000,0.19434000,294.79
269,2020-05-20,9511.43000000,209.98000000,44.25000000,0.20179000,296.96
270,2020-05-19,9775.53000000,214.58000000,45.73000000,0.20496000,292.02
271,2020-05-18,9733.93000000,214.91000000,45.32000000,0.20543000,294.995
272,2020-05-15,9316.42000000,194.86000000,42.74000000,0.19818000,286.26
273,2020-05-14,9791.98000000,203.29000000,43.98000000,0.20386000,285.05
274,2020-05-13,9309.37000000,199.58000000,43.18000000,0.20177000,281.67
275,2020-05-12,8810.79000000,189.76000000,42.18000000,0.19711000,286.62
276,2020-05-11,8561.52000000,185.73000000,41.51000000,0.19254000,292.56
277,2020-05-08,9800.01000000,211.31000000,47.69000000,0.21865000,292.47
278,2020-05-07,9986.40000000,212.00000000,47.37000000,0.21862000,287.7
279,2020-05-06,9142.92000000,198.97000000,44.94000000,0.21158000,284.29
280,2020-05-05,9021.83000000,205.29000000,46.54000000,0.21688000,286.22
281,2020-05-04,8871.96000000,206.48000000,46.96000000,0.21776000,283.66
282,2020-05-01,8826.96000000,212.02000000,47.07000000,0.21786000,282.73
283,2020-04-30,8620.00000000,206.08000000,46.33000000,0.21135000,290.39
284,2020-04-29,8778.57000000,215.36000000,48.81000000,0.22648000,293.19
285,2020-04-28,7738.98000000,196.24000000,45.69000000,0.21416000,285.77
286,2020-04-27,7774.62000000,196.34000000,44.46000000,0.19747000,287.11
287,2020-04-24,7505.00000000,187.59000000,44.53000000,0.19325000,283.04
288,2020-04-23,7482.39000000,185.51000000,42.98000000,0.19260000,279.06
289,2020-04-22,7125.14000000,182.70000000,41.80000000,0.18804000,279.91
290,2020-04-21,6841.37000000,170.74000000,40.59000000,0.18341000,273.02
291,2020-04-20,6826.83000000,170.20000000,40.21000000,0.18151000,281.61
292,2020-04-17,7027.55000000,170.69000000,42.19000000,0.18863000,286.73
293,2020-04-16,7101.94000000,172.29000000,42.53000000,0.19053000,279.21
294,2020-04-15,6621.24000000,152.73000000,39.22000000,0.18050000,277.75
295,2020-04-14,6868.70000000,158.45000000,41.22000000,0.18613000,283.87
296,2020-04-13,6837.91000000,156.29000000,41.22000000,0.18763000,275.57
297,2020-04-09,7283.54000000,169.52000000,46.21000000,0.19829000,278.24
298,2020-04-08,7361.28000000,173.11000000,46.55000000,0.20192000,274.07
299,2020-04-07,7197.32000000,164.63000000,44.77000000,0.19285000,265.1
300,2020-04-06,7329.90000000,171.32000000,45.04000000,0.19803000,264.97
301,2020-04-03,6734.10000000,141.31000000,40.46000000,0.17957000,248.21
302,2020-04-02,6794.09000000,141.28000000,39.86000000,0.17828000,251.87
303,2020-04-01,6642.92000000,135.69000000,39.23000000,0.17494000,246.12
304,2020-03-31,6410.44000000,132.72000000,39.08000000,0.17353000,257.7
305,2020-03-30,6394.38000000,132.06000000,38.91000000,0.17112000,261.68
306,2020-03-27,6359.11000000,131.33000000,38.04000000,0.17269000,253.39
307,2020-03-26,6737.36000000,138.40000000,40.41000000,0.17593000,261.39
308,2020-03-25,6677.43000000,136.10000000,39.17000000,0.16168000,246.77
309,2020-03-24,6744.72000000,138.42000000,40.57000000,0.16225000,243.59
310,2020-03-23,6467.31000000,135.92000000,38.94000000,0.15854000,222.51
311,2020-03-20,6208.36000000,133.48000000,38.08000000,0.15695000,228.94
312,2020-03-19,6162.37000000,136.30000000,38.90000000,0.16460000,241.18
313,2020-03-18,5393.04000000,118.11000000,34.71000000,0.14760000,241.01
314,2020-03-17,5312.64000000,115.67000000,34.07000000,0.14694000,254.19
315,2020-03-16,5028.97000000,111.02000000,33.20000000,0.14102000,239.41
316,2020-03-13,5578.60000000,134.06000000,37.52000000,0.15872000,270.8
317,2020-03-12,4800.00000000,107.82000000,29.83000000,0.13549000,248.1
318,2020-03-11,7934.52000000,194.61000000,48.53000000,0.20813000,274.36
319,2020-03-10,7894.56000000,200.70000000,50.26000000,0.21185000,288.44
320,2020-03-09,7929.87000000,202.81000000,50.39000000,0.20952000,274.4
321,2020-03-06,9131.88000000,244.88000000,63.22000000,0.24477000,297.42
322,2020-03-05,9054.68000000,228.38000000,62.06000000,0.23909000,302.51
323,2020-03-04,8750.87000000,224.26000000,60.38000000,0.23453000,312.91
324,2020-03-03,8760.07000000,223.91000000,61.01000000,0.23428000,300.34
325,2020-03-02,8915.24000000,231.97000000,61.42000000,0.23958000,309.08
326,2020-02-28,8692.91000000,226.76000000,59.89000000,0.23663000,296.16
327,2020-02-27,8823.21000000,227.79000000,61.77000000,0.23850000,297.55
328,2020-02-26,8785.25000000,223.93000000,60.53000000,0.22915000,311.55
329,2020-02-25,9315.84000000,246.67000000,70.98000000,0.25209000,312.7
330,2020-02-24,9656.13000000,265.52000000,75.59000000,0.27040000,322.41
331,2020-02-21,9677.05000000,265.27000000,73.25000000,0.27418000,333.49
332,2020-02-20,9596.42000000,256.96000000,69.40000000,0.27090000,338.3379
333,2020-02-19,9593.79000000,258.45000000,70.61000000,0.27466000,338.31
334,2020-02-18,10164.71000000,282.61000000,77.25000000,0.29827000,336.7
335,2020-02-14,10344.36000000,285.15000000,83.14000000,0.33594000,337.6
336,2020-02-13,10229.63000000,268.32000000,80.55000000,0.32709000,337.08
337,2020-02-12,10326.46000000,265.74000000,81.17000000,0.30427000,337.42
338,2020-02-11,10223.08000000,236.69000000,76.46000000,0.28100000,335.29
339,2020-02-10,9851.83000000,222.89000000,74.02000000,0.27338000,334.69
340,2020-02-07,9813.73000000,223.33000000,74.30000000,0.27953000,332.2
341,2020-02-06,9772.00000000,213.19000000,73.60000000,0.28325000,333.96
342,2020-02-05,9612.04000000,203.78000000,72.59000000,0.27774000,332.84
343,2020-02-04,9197.02000000,188.91000000,68.07000000,0.26737000,329.08
344,2020-02-03,9292.24000000,189.69000000,69.65000000,0.25453000,324.14
345,2020-01-31,9352.89000000,179.99000000,68.00000000,0.23946000,321.74
346,2020-01-30,9513.21000000,184.69000000,67.98000000,0.24376000,327.66
347,2020-01-29,9301.53000000,173.72000000,59.80000000,0.23539000,326.62
348,2020-01-28,9374.21000000,175.64000000,60.52000000,0.23906000,326.89
349,2020-01-27,8907.57000000,170.08000000,58.55000000,0.23077000,323.52
350,2020-01-24,8439.00000000,162.54000000,54.38000000,0.22222000,328.75
351,2020-01-23,8404.52000000,162.81000000,54.52000000,0.22586000,331.74
352,2020-01-22,8682.36000000,168.07000000,58.33000000,0.23733000,331.39
353,2020-01-21,8736.03000000,169.49000000,57.57000000,0.23726000,331.31
354,2020-01-17,8913.28000000,169.85000000,61.02000000,0.23921000,332.01
355,2020-01-16,8720.01000000,164.21000000,57.56000000,0.22900000,330.91
356,2020-01-15,8821.41000000,166.40000000,58.16000000,0.23367000,328.17
357,2020-01-14,8810.01000000,165.64000000,58.39000000,0.23464000,327.43
358,2020-01-13,8110.34000000,143.58000000,49.60000000,0.21134000,327.94
359,2020-01-10,8197.02000000,144.84000000,49.06000000,0.21284000,325.7
360,2020-01-09,7817.76000000,137.74000000,44.74000000,0.20373000,326.62
361,2020-01-08,8055.98000000,140.72000000,45.35000000,0.20750000,324.42
362,2020-01-07,8145.28000000,142.80000000,46.30000000,0.21335000,322.73
363,2020-01-06,7758.00000000,144.15000000,45.80000000,0.22310000,323.67
364,2020-01-03,7344.96000000,134.35000000,42.23000000,0.19338000,322.44
365,2020-01-02,6965.71000000,127.19000000,39.43000000,0.18750000,324.85
366,2019-12-31,7195.23000000,129.16000000,41.30000000,0.19295000,321.92
367,2019-12-30,7246.00000000,131.59000000,42.38000000,0.19326000,321.1
368,2019-12-27,7254.74000000,126.29000000,40.95000000,0.19003000,322.86
369,2019-12-26,7202.00000000,125.58000000,40.01000000,0.18923000,322.91
370,2019-12-24,7255.77000000,127.75000000,40.34000000,0.19077000,321.26
371,2019-12-23,7317.09000000,127.80000000,40.56000000,0.18953000,321.22
372,2019-12-20,7187.83000000,128.19000000,40.17000000,0.19521000,320.95
373,2019-12-19,7150.30000000,128.10000000,39.65000000,0.18780000,320.91
374,2019-12-18,7277.83000000,132.78000000,40.79000000,0.19573000,319.58
375,2019-12-17,6623.82000000,121.88000000,36.92000000,0.18310000,319.5495
376,2019-12-16,6891.72000000,132.73000000,39.99000000,0.20550000,319.51
377,2019-12-13,7258.48000000,144.80000000,44.44000000,0.22054000,317.28
378,2019-12-12,7198.08000000,144.87000000,43.65000000,0.21837000,317.14
379,2019-12-11,7210.00000000,143.39000000,43.70000000,0.22093000,314.41
380,2019-12-10,7224.13000000,145.56000000,44.09000000,0.22256000,313.55
381,2019-12-09,7338.64000000,147.38000000,44.45000000,0.22445000,313.87
382,2019-12-06,7527.47000000,148.45000000,45.28000000,0.22546000,314.84
383,2019-12-05,7389.00000000,148.10000000,44.81000000,0.22118000,312.05
384,2019-12-04,7194.32000000,145.38000000,44.67000000,0.21390000,311.47
385,2019-12-03,7292.71000000,147.17000000,44.75000000,0.21951000,309.47
386,2019-12-02,7294.28000000,148.65000000,45.45000000,0.21914000,311.6
387,2019-11-29,7739.68000000,154.57000000,48.54000000,0.22998000,314.27
388,2019-11-27,7508.52000000,152.62000000,47.70000000,0.22400000,315.46
389,2019-11-26,7156.14000000,147.47000000,46.91000000,0.22060000,314.02
390,2019-11-25,7109.57000000,145.69000000,45.47000000,0.21731000,313.35
391,2019-11-22,7268.23000000,149.56000000,47.32000000,0.23000000,311.0
392,2019-11-21,7627.74000000,161.01000000,50.61000000,0.24345000,310.29
393,2019-11-20,8098.01000000,174.72000000,54.98000000,0.25014000,310.79
394,2019-11-19,8133.64000000,175.94000000,55.13000000,0.25398000,311.91
395,2019-11-18,8187.17000000,178.20000000,55.81000000,0.25179000,312.0
396,2019-11-15,8471.73000000,180.00000000,57.60000000,0.26069000,311.82
397,2019-11-14,8646.68000000,184.92000000,59.00000000,0.26795000,309.53
398,2019-11-13,8777.12000000,188.11000000,60.96000000,0.27202000,309.07
399,2019-11-12,8821.94000000,187.09000000,61.42000000,0.27222000,308.94
400,2019-11-11,8733.27000000,184.98000000,61.84000000,0.27423000,308.39
401,2019-11-08,8773.73000000,183.74000000,60.38000000,0.27547000,308.96
402,2019-11-07,9216.20000000,186.68000000,61.39000000,0.29061000,308.22
403,2019-11-06,9339.05000000,191.16000000,64.11000000,0.31009000,307.1699
404,2019-11-05,9308.66000000,188.68000000,63.12000000,0.30061000,307.0
405,2019-11-04,9393.35000000,185.71000000,61.29000000,0.29863000,307.34
406,2019-11-01,9231.61000000,182.85000000,58.23000000,0.29146000,306.18
407,2019-10-31,9140.85000000,182.18000000,58.29000000,0.29452000,303.26
408,2019-10-30,9154.72000000,183.13000000,57.89000000,0.29471000,304.14
409,2019-10-29,9407.62000000,190.46000000,59.75000000,0.30192000,303.2
410,2019-10-28,9205.14000000,181.72000000,57.70000000,0.29447000,303.36
411,2019-10-25,8655.02000000,181.50000000,56.93000000,0.29829000,301.565
412,2019-10-24,7412.41000000,160.38000000,49.54000000,0.27596000,300.42
413,2019-10-23,7466.62000000,162.35000000,49.50000000,0.27306000,299.86
414,2019-10-22,8020.00000000,171.20000000,53.39000000,0.29046000,299.03
415,2019-10-21,8197.27000000,173.98000000,54.57000000,0.29187000,300.05
416,2019-10-18,7947.01000000,172.74000000,53.21000000,0.29404000,297.98
417,2019-10-17,8070.58000000,177.16000000,54.94000000,0.30167000,299.24
418,2019-10-16,7991.74000000,174.47000000,52.45000000,0.28331000,298.41
419,2019-10-15,8159.29000000,180.49000000,54.58000000,0.28859000,298.9
420,2019-10-14,8348.20000000,186.72000000,56.83000000,0.29727000,296.01
421,2019-10-11,8258.50000000,180.72000000,55.85000000,0.26743000,296.26
422,2019-10-10,8558.03000000,191.14000000,57.47000000,0.27021000,293.24
423,2019-10-09,8560.74000000,192.62000000,59.12000000,0.28082000,291.23
424,2019-10-08,8168.39000000,180.60000000,56.94000000,0.27740000,288.55
425,2019-10-07,8190.09000000,179.85000000,57.46000000,0.27592000,293.11
426,2019-10-04,8137.13000000,175.55000000,56.30000000,0.25243000,294.37
427,2019-10-03,8223.96000000,174.69000000,56.44000000,0.24674000,290.37
428,2019-10-02,8359.94000000,180.24000000,56.23000000,0.25247000,288.04
429,2019-10-01,8292.44000000,175.66000000,55.63000000,0.24788000,293.22
430,2019-09-30,8289.34000000,180.85000000,55.99000000,0.25660000,296.7905
431,2019-09-27,8177.91000000,173.79000000,55.86000000,0.24208000,295.36
432,2019-09-26,8063.73000000,165.92000000,55.19000000,0.24220000,296.97
433,2019-09-25,8430.05000000,169.96000000,57.43000000,0.24570000,297.6
434,2019-09-24,8493.14000000,165.81000000,54.57000000,0.23282000,295.81
435,2019-09-23,9702.25000000,201.29000000,66.54000000,0.26786000,298.25
436,2019-09-20,10168.59000000,218.03000000,75.05000000,0.29360000,298.13
437,2019-09-19,10244.29000000,220.24000000,76.56000000,0.30062000,301.06
438,2019-09-18,10156.99000000,210.21000000,77.81000000,0.31344000,301.1
439,2019-09-17,10187.82000000,207.84000000,74.04000000,0.28561000,300.94
440,2019-09-16,10251.31000000,197.22000000,72.63000000,0.26098000,300.16
441,2019-09-13,10342.06000000,180.95000000,68.93000000,0.25520000,301.05
442,2019-09-12,10415.01000000,180.72000000,69.15000000,0.25406000,301.27
443,2019-09-11,10158.33000000,178.28000000,69.80000000,0.25519000,300.29
444,2019-09-10,10098.15000000,179.81000000,70.85000000,0.25859000,298.2
445,2019-09-09,10303.12000000,180.54000000,69.89000000,0.25855000,298.15
446,2019-09-06,10298.73000000,169.08000000,64.87000000,0.25110000,298.07
447,2019-09-05,10564.49000000,173.75000000,65.23000000,0.25617000,297.82
448,2019-09-04,10567.02000000,174.72000000,67.01000000,0.25843000,293.97
449,2019-09-03,10615.28000000,178.75000000,69.06000000,0.26242000,290.775
450,2019-08-30,9584.54000000,168.50000000,64.17000000,0.25539000,292.4527
451,2019-08-29,9498.44000000,169.01000000,63.59000000,0.25698000,292.56
452,2019-08-28,9721.00000000,173.03000000,66.73000000,0.25629000,288.84
453,2019-08-27,10185.05000000,187.24000000,72.90000000,0.26954000,286.84
454,2019-08-26,10372.25000000,188.67000000,73.54000000,0.27051000,287.97
455,2019-08-23,10389.55000000,194.02000000,75.38000000,0.27664000,284.81
456,2019-08-22,10099.88000000,190.35000000,73.31000000,0.27039000,292.31
457,2019-08-21,10142.57000000,187.45000000,73.27000000,0.26589000,292.43
458,2019-08-20,10760.51000000,196.60000000,75.14000000,0.27432000,290.05
459,2019-08-19,10915.54000000,202.28000000,77.10000000,0.28202000,292.32
460,2019-08-16,10331.54000000,184.88000000,74.67000000,0.26047000,288.87
461,2019-08-15,10293.93000000,188.03000000,76.25000000,0.26378000,284.69
462,2019-08-14,10050.37000000,187.10000000,75.90000000,0.26353000,283.93
463,2019-08-13,10892.71000000,209.30000000,84.88000000,0.29800000,292.43
464,2019-08-12,11396.08000000,211.41000000,85.79000000,0.30060000,288.1
465,2019-08-09,11879.99000000,210.53000000,84.24000000,0.29649000,291.59
466,2019-08-08,11999.77000000,221.39000000,90.15000000,0.30825000,293.55
467,2019-08-07,11975.03000000,226.10000000,90.59000000,0.31109000,288.03
468,2019-08-06,11481.69000000,226.28000000,92.99000000,0.31160000,287.77
469,2019-08-05,11828.80000000,233.54000000,96.56000000,0.32242000,284.04
470,2019-08-02,10523.75000000,217.61000000,94.76000000,0.31178000,292.76
471,2019-08-01,10374.99000000,216.84000000,98.64000000,0.31575000,294.88
472,2019-07-31,10080.53000000,218.42000000,98.76000000,0.31959000,297.4
473,2019-07-30,9574.21000000,209.58000000,90.15000000,0.31823000,300.82
474,2019-07-29,9507.64000000,210.89000000,90.33000000,0.31004000,301.48
475,2019-07-26,9824.00000000,218.81000000,94.06000000,0.32303000,301.99
476,2019-07-25,9879.87000000,219.14000000,93.22000000,0.31335000,299.9595
477,2019-07-24,9763.28000000,216.31000000,94.50000000,0.31548000,301.38
478,2019-07-23,9864.91000000,212.48000000,90.15000000,0.30891000,299.98
479,2019-07-22,10340.31000000,217.51000000,95.31000000,0.32111000,297.92
480,2019-07-19,10504.29000000,220.73000000,98.23000000,0.31880000,297.12
481,2019-07-18,10627.16000000,225.73000000,101.16000000,0.32035000,298.85
482,2019-07-17,9667.92000000,210.81000000,89.95000000,0.31032000,297.77
483,2019-07-16,9439.59000000,198.88000000,79.61000000,0.29543000,299.74
484,2019-07-15,10838.72000000,228.20000000,90.43000000,0.31287000,300.76
485,2019-07-12,11757.22000000,274.62000000,104.86000000,0.34336000,300.68
486,2019-07-11,11342.89000000,268.63000000,102.98000000,0.32875000,299.3
487,2019-07-10,12108.37000000,289.23000000,108.31000000,0.36154000,298.61
488,2019-07-09,12543.41000000,307.46000000,119.24000000,0.39362000,297.26
489,2019-07-08,12238.60000000,311.97000000,122.92000000,0.40073000,296.86
490,2019-07-05,10970.73000000,287.47000000,118.35000000,0.37881000,298.36
491,2019-07-03,11940.00000000,301.14000000,121.36000000,0.40456000,298.76
492,2019-07-02,10842.85000000,291.48000000,118.77000000,0.39794000,296.46
493,2019-07-01,10624.93000000,295.07000000,123.17000000,0.40691000,295.61
494,2019-06-28,12400.63000000,311.05000000,120.01000000,0.42610000,293.1
495,2019-06-27,11329.99000000,298.35000000,116.01000000,0.41049000,291.54
496,2019-06-26,13093.80000000,339.39000000,132.25000000,0.46805000,290.47
497,2019-06-25,11820.86000000,318.26000000,136.33000000,0.46809000,290.79
498,2019-06-24,11056.59000000,311.64000000,135.77000000,0.47385000,293.64
499,2019-06-21,10159.86000000,294.35000000,138.28000000,0.44250000,294.08
500,2019-06-20,9517.12000000,271.22000000,135.46000000,0.42995000,295.84
501,2019-06-19,9255.49000000,268.14000000,136.43000000,0.43406000,293.05
502,2019-06-18,9081.55000000,264.66000000,135.22000000,0.42694000,292.29
503,2019-06-17,9313.96000000,273.16000000,133.80000000,0.44705000,289.44
504,2019-06-14,8650.00000000,262.47000000,132.00000000,0.40201000,289.19
505,2019-06-13,8218.54000000,254.67000000,130.55000000,0.39876000,289.65
506,2019-06-12,8127.64000000,261.15000000,135.32000000,0.40074000,288.36
507,2019-06-11,7884.90000000,244.29000000,135.69000000,0.39192000,288.89
508,2019-06-10,7982.75000000,246.51000000,129.15000000,0.39990000,288.9305
509,2019-06-07,7980.53000000,248.77000000,116.71000000,0.41886000,287.63
510,2019-06-06,7786.70000000,248.76000000,111.19000000,0.41937000,284.74
511,2019-06-05,7776.50000000,245.63000000,103.66000000,0.40010000,282.9
512,2019-06-04,7687.03000000,241.39000000,102.20000000,0.39878000,280.52
513,2019-06-03,8115.82000000,249.91000000,105.99000000,0.41731000,274.54
514,2019-05-31,8555.00000000,267.90000000,114.60000000,0.43851000,275.37
515,2019-05-30,8269.54000000,254.56000000,107.78000000,0.41789000,279.05
516,2019-05-29,8645.68000000,268.83000000,115.06000000,0.44307000,278.38
517,2019-05-28,8715.64000000,271.03000000,114.81000000,0.44877000,280.31
518,2019-05-24,7964.87000000,248.87000000,100.50000000,0.38286000,282.8
519,2019-05-23,7851.51000000,244.56000000,88.61000000,0.37956000,282.27
520,2019-05-22,7628.43000000,243.64000000,87.74000000,0.37183000,285.62
521,2019-05-21,7904.87000000,253.43000000,90.79000000,0.39524000,286.49
522,2019-05-20,7938.15000000,250.37000000,91.10000000,0.39636000,283.97
523,2019-05-17,7355.26000000,244.30000000,89.76000000,0.38862000,285.9
524,2019-05-16,7866.59000000,264.25000000,95.49000000,0.41876000,287.63
525,2019-05-15,8169.87000000,248.10000000,102.02000000,0.45734000,285.06
526,2019-05-14,7947.56000000,216.40000000,91.17000000,0.40900000,283.33
527,2019-05-13,7790.71000000,195.84000000,87.16000000,0.32409000,280.9905
528,2019-05-10,6373.33000000,172.91000000,77.11000000,0.29881000,288.03
529,2019-05-09,6209.18000000,170.90000000,74.19000000,0.29488000,286.75
530,2019-05-08,5987.29000000,170.85000000,74.44000000,0.29958000,287.56
531,2019-05-07,5846.34000000,169.18000000,74.61000000,0.29819000,288.04
532,2019-05-06,5747.79000000,173.00000000,74.94000000,0.30283000,292.87
533,2019-05-03,5772.69000000,168.06000000,79.22000000,0.30784000,294.02
534,2019-05-02,5492.87000000,161.81000000,73.68000000,0.30205000,291.27
535,2019-05-01,5383.20000000,160.19000000,73.36000000,0.30304000,291.84
536,2019-04-30,5320.81000000,161.83000000,74.32000000,0.30870000,293.96
537,2019-04-29,5238.14000000,155.11000000,67.87000000,0.29323000,293.78
538,2019-04-26,5314.10000000,157.95000000,73.82000000,0.30350000,293.44
539,2019-04-25,5219.90000000,154.72000000,71.78000000,0.29161000,292.08
540,2019-04-24,5415.00000000,164.78000000,72.85000000,0.29963000,292.23
541,2019-04-23,5493.31000000,169.16000000,73.70000000,0.31807000,292.85
542,2019-04-22,5357.14000000,170.52000000,76.51000000,0.32252000,290.31
543,2019-04-18,5258.44000000,173.33000000,81.68000000,0.33533000,290.02
544,2019-04-17,5202.82000000,165.75000000,78.77000000,0.33436000,289.48
545,2019-04-16,5173.72000000,165.37000000,80.27000000,0.32379000,290.1705
546,2019-04-15,5024.95000000,159.95000000,78.07000000,0.31905000,289.99
547,2019-04-12,5048.01000000,163.19000000,78.47000000,0.32325000,290.19
548,2019-04-11,5017.37000000,164.07000000,78.88000000,0.32705000,288.23
549,2019-04-10,5308.25000000,177.12000000,88.16000000,0.35345000,288.29
550,2019-04-09,5150.00000000,174.60000000,86.17000000,0.34732000,287.305
551,2019-04-08,5236.90000000,178.72000000,88.57000000,0.35568000,288.81
552,2019-04-05,5004.95000000,164.77000000,88.24000000,0.36130000,288.62
553,2019-04-04,4898.66000000,157.36000000,84.70000000,0.32996000,287.22
554,2019-04-03,4932.60000000,159.96000000,85.19000000,0.34022000,286.52
555,2019-04-02,4857.29000000,163.31000000,76.78000000,0.35050000,285.98
556,2019-04-01,4144.56000000,141.24000000,60.45000000,0.31248000,285.89
557,2019-03-29,4103.25000000,143.25000000,61.45000000,0.30774000,282.62
558,2019-03-28,4027.81000000,137.86000000,60.50000000,0.30604000,280.79
559,2019-03-27,4038.05000000,139.45000000,61.44000000,0.31012000,279.72
560,2019-03-26,3948.55000000,134.18000000,58.79000000,0.30302000,281.02
561,2019-03-25,3936.12000000,133.98000000,59.04000000,0.30310000,279.03
562,2019-03-22,3986.93000000,135.98000000,59.26000000,0.31041000,279.25
563,2019-03-21,3980.64000000,134.85000000,58.54000000,0.30965000,284.67
564,2019-03-20,4043.04000000,139.01000000,60.27000000,0.31779000,281.53
565,2019-03-19,4015.53000000,138.55000000,59.52000000,0.31594000,282.48
566,2019-03-18,3987.81000000,137.59000000,59.17000000,0.31452000,282.38
567,2019-03-15,3923.76000000,136.56000000,58.52000000,0.31473000,281.35
568,2019-03-14,3877.12000000,132.20000000,55.94000000,0.31131000,281.19
569,2019-03-13,3866.00000000,131.65000000,55.29000000,0.31332000,281.34
570,2019-03-12,3882.73000000,133.57000000,56.58000000,0.31031000,279.44
571,2019-03-11,3871.61000000,132.67000000,54.82000000,0.30992000,278.5
572,2019-03-08,3864.89000000,133.52000000,55.61000000,0.30775000,274.525
573,2019-03-07,3873.64000000,136.81000000,56.73000000,0.31311000,275.08
574,2019-03-06,3861.84000000,137.40000000,55.37000000,0.31629000,277.29
575,2019-03-05,3857.73000000,136.72000000,52.52000000,0.31471000,279.05
576,2019-03-04,3715.30000000,125.65000000,45.78000000,0.30207000,279.41
577,2019-03-01,3823.00000000,135.32000000,47.05000000,0.31564000,280.49
578,2019-02-28,3813.69000000,135.34000000,45.61000000,0.31390000,278.54
579,2019-02-27,3818.07000000,135.02000000,45.16000000,0.31067000,279.23
580,2019-02-26,3809.23000000,136.22000000,44.76000000,0.31658000,279.34
581,2019-02-25,3827.92000000,137.87000000,45.40000000,0.32731000,279.57
582,2019-02-22,3962.00000000,147.36000000,49.19000000,0.32105000,279.15
583,2019-02-21,3937.31000000,145.69000000,48.94000000,0.32070000,277.46
584,2019-02-20,3969.74000000,148.44000000,51.50000000,0.33150000,278.43
585,2019-02-19,3907.79000000,143.44000000,47.14000000,0.32238000,277.78
586,2019-02-15,3602.47000000,121.67000000,42.58000000,0.30194000,277.27
587,2019-02-14,3590.56000000,120.42000000,41.26000000,0.30081000,274.535
588,2019-02-13,3609.40000000,121.86000000,41.61000000,0.30382000,274.98
589,2019-02-12,3631.46000000,122.41000000,43.89000000,0.30514000,274.075
590,2019-02-11,3631.05000000,120.89000000,42.90000000,0.30255000,270.64
591,2019-02-08,3659.04000000,119.25000000,42.99000000,0.31205000,270.08
592,2019-02-07,3398.40000000,104.48000000,33.24000000,0.29145000,269.97
593,2019-02-06,3405.37000000,104.50000000,32.79000000,0.28940000,272.7
594,2019-02-05,3471.59000000,107.27000000,34.34000000,0.29972000,273.13
595,2019-02-04,3463.22000000,107.68000000,34.09000000,0.29939000,271.78
596,2019-02-01,3462.07000000,106.73000000,32.65000000,0.30624000,270.07
597,2019-01-31,3434.10000000,106.44000000,31.41000000,0.30911000,270.2325
598,2019-01-30,3458.18000000,108.29000000,31.68000000,0.32109000,267.4625
599,2019-01-29,3411.04000000,104.45000000,30.81000000,0.28693000,263.31
600,2019-01-28,3434.15000000,105.50000000,30.94000000,0.29223000,263.635
601,2019-01-25,3565.29000000,115.11000000,32.69000000,0.31384000,265.7
602,2019-01-24,3569.62000000,116.39000000,32.51000000,0.31593000,263.69
603,2019-01-23,3552.82000000,116.44000000,31.69000000,0.31415000,263.1
604,2019-01-22,3570.93000000,117.81000000,31.41000000,0.31762000,261.97
605,2019-01-18,3594.87000000,119.17000000,30.77000000,0.32036000,266.16
606,2019-01-17,3616.21000000,121.54000000,31.40000000,0.32489000,262.88
607,2019-01-16,3591.84000000,121.48000000,31.29000000,0.32570000,260.94
608,2019-01-15,3553.06000000,118.95000000,30.75000000,0.32150000,260.21
609,2019-01-14,3626.09000000,126.95000000,31.71000000,0.32871000,257.69
610,2019-01-11,3601.31000000,124.65000000,31.49000000,0.32580000,258.76
611,2019-01-10,3585.88000000,124.95000000,32.81000000,0.32464000,258.94
612,2019-01-09,3966.65000000,148.10000000,38.17000000,0.36480000,257.71
613,2019-01-08,3955.13000000,147.60000000,38.70000000,0.36073000,256.65
614,2019-01-07,3975.45000000,149.34000000,37.35000000,0.36022000,254.4
615,2019-01-04,3792.01000000,151.97000000,31.76000000,0.35308000,252.41
616,2019-01-03,3766.78000000,146.30000000,31.39000000,0.35240000,244.46
617,2019-01-02,3858.56000000,152.01000000,32.67000000,0.36882000,249.89
618,2018-12-31,3702.90000000,131.45000000,29.90000000,0.34849000,248.55
619,2018-12-28,3839.26000000,135.30000000,31.80000000,0.36997000,247.6899
620,2018-12-27,3567.91000000,113.80000000,27.55000000,0.33368000,248.01
621,2018-12-26,3777.74000000,129.35000000,30.30000000,0.37253000,245.96
622,2018-12-24,4008.01000000,138.03000000,32.68000000,0.40092000,234.41
623,2018-12-21,3838.66000000,107.69000000,30.29000000,0.35428000,240.73
624,2018-12-20,4049.62000000,114.05000000,32.18000000,0.37228000,247.25
625,2018-12-19,3662.22000000,98.74000000,28.83000000,0.34468000,251.19
626,2018-12-18,3652.98000000,100.39000000,29.89000000,0.34979000,255.12
627,2018-12-17,3509.08000000,94.02000000,28.95000000,0.32721000,255.1
628,2018-12-14,3224.17000000,83.82000000,23.34000000,0.28816000,260.5
629,2018-12-13,3302.06000000,86.34000000,23.08000000,0.29934000,265.41
630,2018-12-12,3445.00000000,89.41000000,24.13000000,0.30463000,265.53
631,2018-12-11,3380.39000000,87.76000000,23.41000000,0.29904000,264.1
632,2018-12-10,3432.88000000,89.91000000,24.14000000,0.29956000,264.07
633,2018-12-07,3403.55000000,93.05000000,24.91000000,0.30114000,263.64
634,2018-12-06,3508.75000000,91.00000000,26.78000000,0.30919000,269.95
635,2018-12-04,3951.64000000,109.94000000,31.13000000,0.35231000,270.3
636,2018-12-03,3884.01000000,108.76000000,30.90000000,0.34827000,279.25
637,2018-11-30,4041.32000000,113.73000000,32.21000000,0.36466000,275.78
638,2018-11-29,4295.84000000,117.98000000,33.88000000,0.38149000,273.93
639,2018-11-28,4264.85000000,122.90000000,34.74000000,0.39203000,274.5
640,2018-11-27,3875.21000000,111.43000000,31.61000000,0.36500000,268.34
641,2018-11-26,3862.20000000,110.68000000,30.18000000,0.36354000,267.46
642,2018-11-23,4420.61000000,125.02000000,32.74000000,0.41447000,263.34
643,2018-11-21,4661.07000000,138.23000000,35.15000000,0.45367000,265.08
644,2018-11-20,4558.86000000,133.82000000,33.80000000,0.44285000,264.18
645,2018-11-19,4910.03000000,150.81000000,37.07000000,0.48250000,269.08
646,2018-11-16,5655.94000000,176.89000000,42.89000000,0.47765000,273.68
647,2018-11-15,5753.40000000,184.35000000,44.78000000,0.48931000,273.07
648,2018-11-14,5922.41000000,187.43000000,45.05000000,0.48460000,270.13
649,2018-11-13,6457.66000000,209.84000000,50.43000000,0.51736000,272.06
650,2018-11-12,6453.07000000,212.89000000,51.26000000,0.52450000,272.49
651,2018-11-09,6419.99000000,210.77000000,52.25000000,0.50440000,277.83
652,2018-11-08,6479.84000000,212.79000000,52.72000000,0.49694000,280.44
653,2018-11-07,6578.46000000,219.07000000,54.47000000,0.54090000,280.91
654,2018-11-06,6519.11000000,220.74000000,56.48000000,0.55523000,275.12
655,2018-11-05,6468.99000000,210.66000000,53.91000000,0.50220000,273.38
656,2018-11-02,6433.98000000,202.35000000,51.78000000,0.46300000,271.8
657,2018-11-01,6410.00000000,199.96000000,50.61000000,0.46141000,273.51
658,2018-10-31,6371.93000000,198.73000000,49.93000000,0.45418000,270.69
659,2018-10-30,6330.87000000,197.27000000,49.34000000,0.44749000,267.81
660,2018-10-29,6344.50000000,196.96000000,49.21000000,0.44506000,263.8
661,2018-10-26,6538.63000000,204.92000000,52.56000000,0.46657000,265.29
662,2018-10-25,6528.09000000,203.93000000,52.84000000,0.46351000,270.14
663,2018-10-24,6565.50000000,205.35000000,53.11000000,0.46402000,265.22
664,2018-10-23,6553.51000000,205.85000000,53.33000000,0.47006000,273.54
665,2018-10-22,6581.20000000,206.67000000,53.12000000,0.46192000,275.06
666,2018-10-19,6528.88000000,205.00000000,53.71000000,0.46077000,276.19
667,2018-10-18,6618.96000000,206.24000000,53.53000000,0.46750000,276.47
668,2018-10-17,6740.89000000,212.85000000,55.27000000,0.48437000,280.4
669,2018-10-16,6759.27000000,215.09000000,55.54000000,0.48352000,280.3
670,2018-10-15,6752.50000000,214.39000000,56.16000000,0.46168000,274.48
671,2018-10-12,6298.01000000,196.96000000,53.74000000,0.42071000,276.01
672,2018-10-11,6252.68000000,191.58000000,51.36000000,0.38315000,272.25
673,2018-10-10,6631.00000000,226.74000000,58.46000000,0.46605000,278.17
674,2018-10-09,6656.61000000,228.40000000,59.03000000,0.48199000,287.43
675,2018-10-08,6673.01000000,230.01000000,59.66000000,0.49335000,287.8
676,2018-10-05,6635.65000000,228.37000000,58.93000000,0.52110000,287.89
677,2018-10-04,6593.79000000,222.66000000,58.42000000,0.52940000,289.47
678,2018-10-03,6510.00000000,220.77000000,57.56000000,0.52930000,291.78
679,2018-10-02,6525.79000000,225.69000000,59.46000000,0.51692000,291.57
680,2018-10-01,6611.61000000,231.61000000,60.45000000,0.57760000,291.67
681,2018-09-28,6634.58000000,221.84000000,61.95000000,0.54025000,290.61
682,2018-09-27,6689.13000000,229.13000000,63.28000000,0.54305000,290.65
683,2018-09-26,6465.12000000,214.42000000,57.18000000,0.51300000,289.84
684,2018-09-25,6447.54000000,219.62000000,57.61000000,0.52560000,290.7
685,2018-09-24,6581.39000000,228.06000000,58.01000000,0.49358000,291.07
686,2018-09-21,6759.02000000,247.73000000,60.83000000,0.56405000,292.01
687,2018-09-20,6492.00000000,224.00000000,56.53000000,0.44819000,293.55
