,BTC,XRP,4b. close (USD),4b. close (USD),4b. close (USD)
2018-09-17,6248.69,0.2706,196.16,52.07,
2018-09-18,6336.45,0.31897,208.17,53.96,
2018-09-19,6391.89,0.32679,209.79,54.27,
2018-09-20,6492.0,0.44819,224.0,56.53,
2018-09-21,6759.02,0.56405,247.73,60.83,
2018-09-22,6723.05,0.57368,241.01,60.65,
2018-09-23,6708.0,0.5719,244.5,61.38,
2018-09-24,6581.39,0.49358,228.06,58.01,
2018-09-25,6447.54,0.5256,219.62,57.61,
2018-09-26,6465.12,0.513,214.42,57.18,
2018-09-27,6689.13,0.54305,229.13,63.28,
2018-09-28,6634.58,0.54025,221.84,61.95,
2018-09-29,6596.38,0.56876,231.62,61.61,
2018-09-30,6626.57,0.58257,232.94,61.21,
2018-10-01,6611.61,0.5776,231.61,60.45,
2018-10-02,6525.79,0.51692,225.69,59.46,
2018-10-03,6510.0,0.5293,220.77,57.56,
2018-10-04,6593.79,0.5294,222.66,58.42,
2018-10-05,6635.65,0.5211,228.37,58.93,
2018-10-06,6594.27,0.48964,225.4,57.96,
2018-10-07,6615.26,0.48269,226.14,58.33,
2018-10-08,6673.01,0.49335,230.01,59.66,
2018-10-09,6656.61,0.48199,228.4,59.03,
2018-10-10,6631.0,0.46605,226.74,58.46,
2018-10-11,6252.68,0.38315,191.58,51.36,
2018-10-12,6298.01,0.42071,196.96,53.74,
2018-10-13,6332.93,0.4227,201.3,54.05,
2018-10-14,6339.34,0.40994,197.01,52.61,
2018-10-15,6752.5,0.46168,214.39,56.16,
2018-10-16,6759.27,0.48352,215.09,55.54,
2018-10-17,6740.89,0.48437,212.85,55.27,
2018-10-18,6618.96,0.4675,206.24,53.53,
2018-10-19,6528.88,0.46077,205.0,53.71,
2018-10-20,6588.4,0.46788,207.91,54.28,
2018-10-21,6590.11,0.46458,207.49,53.61,
2018-10-22,6581.2,0.46192,206.67,53.12,
2018-10-23,6553.51,0.47006,205.85,53.33,
2018-10-24,6565.5,0.46402,205.35,53.11,
2018-10-25,6528.09,0.46351,203.93,52.84,
2018-10-26,6538.63,0.46657,204.92,52.56,
2018-10-27,6505.6,0.46012,204.45,52.25,
2018-10-28,6489.93,0.46472,204.99,52.07,
2018-10-29,6344.5,0.44506,196.96,49.21,
2018-10-30,6330.87,0.44749,197.27,49.34,
2018-10-31,6371.93,0.45418,198.73,49.93,
2018-11-01,6410.0,0.46141,199.96,50.61,
2018-11-02,6433.98,0.463,202.35,51.78,
2018-11-03,6387.09,0.45713,200.31,51.04,
2018-11-04,6485.85,0.46999,212.11,54.6,
2018-11-05,6468.99,0.5022,210.66,53.91,
2018-11-06,6519.11,0.55523,220.74,56.48,
2018-11-07,6578.46,0.5409,219.07,54.47,
2018-11-08,6479.84,0.49694,212.79,52.72,
2018-11-09,6419.99,0.5044,210.77,52.25,
2018-11-10,6433.05,0.50956,213.25,52.48,
2018-11-11,6449.81,0.51019,212.54,51.46,
2018-11-12,6453.07,0.5245,212.89,51.26,
2018-11-13,6457.66,0.51736,209.84,50.43,
2018-11-14,5922.41,0.4846,187.43,45.05,
2018-11-15,5753.4,0.48931,184.35,44.78,
2018-11-16,5655.94,0.47765,176.89,42.89,
2018-11-17,5628.29,0.49813,176.2,42.43,
2018-11-18,5662.0,0.51611,178.97,42.61,
2018-11-19,4910.03,0.4825,150.81,37.07,
2018-11-20,4558.86,0.44285,133.82,33.8,
2018-11-21,4661.07,0.45367,138.23,35.15,
2018-11-22,4370.0,0.42831,126.63,32.11,
2018-11-23,4420.61,0.41447,125.02,32.74,
2018-11-24,3932.44,0.37982,114.89,29.73,
2018-11-25,4085.78,0.382,118.67,31.49,
2018-11-26,3862.2,0.36354,110.68,30.18,
2018-11-27,3875.21,0.365,111.43,31.61,
2018-11-28,4264.85,0.39203,122.9,34.74,
2018-11-29,4295.84,0.38149,117.98,33.88,
2018-11-30,4041.32,0.36466,113.73,32.21,
2018-12-01,4190.02,0.37205,118.1,34.17,
2018-12-02,4161.01,0.36963,116.57,33.82,
2018-12-03,3884.01,0.34827,108.76,30.9,
2018-12-04,3951.64,0.35231,109.94,31.13,
2018-12-05,3769.84,0.3395,102.71,29.27,
2018-12-06,3508.75,0.30919,91.0,26.78,
2018-12-07,3403.55,0.30114,93.05,24.91,
2018-12-08,3410.93,0.30247,90.38,24.22,
2018-12-09,3545.37,0.30914,93.26,25.37,
2018-12-10,3432.88,0.29956,89.91,24.14,
2018-12-11,3380.39,0.29904,87.76,23.41,
2018-12-12,3445.0,0.30463,89.41,24.13,
2018-12-13,3302.06,0.29934,86.34,23.08,
2018-12-14,3224.17,0.28816,83.82,23.34,
2018-12-15,3211.72,0.28422,83.76,23.6,
2018-12-16,3228.67,0.28669,84.67,25.52,
2018-12-17,3509.08,0.32721,94.02,28.95,
2018-12-18,3652.98,0.34979,100.39,29.89,
2018-12-19,3662.22,0.34468,98.74,28.83,
2018-12-20,4049.62,0.37228,114.05,32.18,
2018-12-21,3838.66,0.35428,107.69,30.29,
2018-12-22,3948.91,0.35644,115.2,31.33,
2018-12-23,3929.71,0.3669,129.03,32.97,
2018-12-24,4008.01,0.40092,138.03,32.68,
2018-12-25,3745.79,0.37598,127.6,30.5,
2018-12-26,3777.74,0.37253,129.35,30.3,
2018-12-27,3567.91,0.33368,113.8,27.55,
2018-12-28,3839.26,0.36997,135.3,31.8,
2018-12-29,3695.32,0.35593,132.89,30.28,
2018-12-30,3801.91,0.36489,137.77,31.38,
2018-12-31,3702.9,0.34849,131.45,29.9,
2019-01-01,3797.14,0.3608,139.1,31.48,
2019-01-02,3858.56,0.36882,152.01,32.67,
2019-01-03,3766.78,0.3524,146.3,31.39,
2019-01-04,3792.01,0.35308,151.97,31.76,
2019-01-05,3770.96,0.34851,152.83,34.33,
2019-01-06,3987.6,0.36042,153.86,38.3,
2019-01-07,3975.45,0.36022,149.34,37.35,
2019-01-08,3955.13,0.36073,147.6,38.7,
2019-01-09,3966.65,0.3648,148.1,38.17,
2019-01-10,3585.88,0.32464,124.95,32.81,
2019-01-11,3601.31,0.3258,124.65,31.49,
2019-01-12,3583.13,0.32557,123.35,31.65,
2019-01-13,3476.81,0.31132,114.16,29.59,
2019-01-14,3626.09,0.32871,126.95,31.71,
2019-01-15,3553.06,0.3215,118.95,30.75,
2019-01-16,3591.84,0.3257,121.48,31.29,
2019-01-17,3616.21,0.32489,121.54,31.4,
2019-01-18,3594.87,0.32036,119.17,30.77,
2019-01-19,3665.3,0.3267,122.6,32.0,
2019-01-20,3539.28,0.3168,117.47,30.64,
2019-01-21,3526.9,0.31767,115.63,30.82,
2019-01-22,3570.93,0.31762,117.81,31.41,
2019-01-23,3552.82,0.31415,116.44,31.69,
2019-01-24,3569.62,0.31593,116.39,32.51,
2019-01-25,3565.29,0.31384,115.11,32.69,
2019-01-26,3565.25,0.31258,115.34,32.8,
2019-01-27,3550.84,0.30646,112.05,32.21,
2019-01-28,3434.15,0.29223,105.5,30.94,
2019-01-29,3411.04,0.28693,104.45,30.81,
2019-01-30,3458.18,0.32109,108.29,31.68,
2019-01-31,3434.1,0.30911,106.44,31.41,
2019-02-01,3462.07,0.30624,106.73,32.65,
2019-02-02,3504.77,0.3103,110.42,34.59,
2019-02-03,3458.11,0.30219,107.36,33.44,
2019-02-04,3463.22,0.29939,107.68,34.09,
2019-02-05,3471.59,0.29972,107.27,34.34,
2019-02-06,3405.37,0.2894,104.5,32.79,
2019-02-07,3398.4,0.29145,104.48,33.24,
2019-02-08,3659.04,0.31205,119.25,42.99,
2019-02-09,3665.18,0.31215,119.19,44.68,
2019-02-10,3680.06,0.30988,125.12,46.79,
2019-02-11,3631.05,0.30255,120.89,42.9,
2019-02-12,3631.46,0.30514,122.41,43.89,
2019-02-13,3609.4,0.30382,121.86,41.61,
2019-02-14,3590.56,0.30081,120.42,41.26,
2019-02-15,3602.47,0.30194,121.67,42.58,
2019-02-16,3618.41,0.30077,122.67,43.34,
2019-02-17,3667.58,0.30318,133.75,43.91,
2019-02-18,3898.6,0.32194,145.69,47.84,
2019-02-19,3907.79,0.32238,143.44,47.14,
2019-02-20,3969.74,0.3315,148.44,51.5,
2019-02-21,3937.31,0.3207,145.69,48.94,
2019-02-22,3962.0,0.32105,147.36,49.19,
2019-02-23,4117.76,0.33201,157.79,51.4,
2019-02-24,3743.56,0.29757,132.1,43.75,
2019-02-25,3827.92,0.32731,137.87,45.4,
2019-02-26,3809.23,0.31658,136.22,44.76,
2019-02-27,3818.07,0.31067,135.02,45.16,
2019-02-28,3813.69,0.3139,135.34,45.61,
2019-03-01,3823.0,0.31564,135.32,47.05,
2019-03-02,3819.93,0.31382,132.56,48.49,
2019-03-03,3807.75,0.31114,130.6,47.86,
2019-03-04,3715.3,0.30207,125.65,45.78,
2019-03-05,3857.73,0.31471,136.72,52.52,
2019-03-06,3861.84,0.31629,137.4,55.37,
2019-03-07,3873.64,0.31311,136.81,56.73,
2019-03-08,3864.89,0.30775,133.52,55.61,
2019-03-09,3943.04,0.31389,137.27,57.78,
2019-03-10,3916.82,0.31289,135.37,56.59,
2019-03-11,3871.61,0.30992,132.67,54.82,
2019-03-12,3882.73,0.31031,133.57,56.58,
2019-03-13,3866.0,0.31332,131.65,55.29,
2019-03-14,3877.12,0.31131,132.2,55.94,
2019-03-15,3923.76,0.31473,136.56,58.52,
2019-03-16,4005.98,0.31868,140.92,61.21,
2019-03-17,3981.14,0.3154,138.67,60.47,
2019-03-18,3987.81,0.31452,137.59,59.17,
2019-03-19,4015.53,0.31594,138.55,59.52,
2019-03-20,4043.04,0.31779,139.01,60.27,
2019-03-21,3980.64,0.30965,134.85,58.54,
2019-03-22,3986.93,0.31041,135.98,59.26,
2019-03-23,4006.01,0.31182,137.28,60.89,
2019-03-24,3992.18,0.30787,136.09,59.82,
2019-03-25,3936.12,0.3031,133.98,59.04,
2019-03-26,3948.55,0.30302,134.18,58.79,
2019-03-27,4038.05,0.31012,139.45,61.44,
2019-03-28,4027.81,0.30604,137.86,60.5,
2019-03-29,4103.25,0.30774,143.25,61.45,
2019-03-30,4106.97,0.31107,142.46,60.45,
2019-03-31,4103.95,0.30889,141.38,60.48,
2019-04-01,4144.56,0.31248,141.24,60.45,
2019-04-02,4857.29,0.3505,163.31,76.78,
2019-04-03,4932.6,0.34022,159.96,85.19,
2019-04-04,4898.66,0.32996,157.36,84.7,
2019-04-05,5004.95,0.3613,164.77,88.24,
2019-04-06,5043.89,0.35264,165.5,92.21,
2019-04-07,5170.27,0.3612,174.21,91.55,
2019-04-08,5236.9,0.35568,178.72,88.57,
2019-04-09,5150.0,0.34732,174.6,86.17,
2019-04-10,5308.25,0.35345,177.12,88.16,
2019-04-11,5017.37,0.32705,164.07,78.88,
2019-04-12,5048.01,0.32325,163.19,78.47,
2019-04-13,5045.22,0.32458,162.99,77.62,
2019-04-14,5131.3,0.32762,167.23,83.28,
2019-04-15,5024.95,0.31905,159.95,78.07,
2019-04-16,5173.72,0.32379,165.37,80.27,
2019-04-17,5202.82,0.33436,165.75,78.77,
2019-04-18,5258.44,0.33533,173.33,81.68,
2019-04-19,5258.68,0.32999,172.64,82.05,
2019-04-20,5291.73,0.32668,172.88,81.15,
2019-04-21,5256.14,0.31963,168.59,76.65,
2019-04-22,5357.14,0.32252,170.52,76.51,
2019-04-23,5493.31,0.31807,169.16,73.7,
2019-04-24,5415.0,0.29963,164.78,72.85,
2019-04-25,5219.9,0.29161,154.72,71.78,
2019-04-26,5314.1,0.3035,157.95,73.82,
2019-04-27,5295.69,0.29928,159.31,72.23,
2019-04-28,5307.52,0.29946,157.85,69.89,
2019-04-29,5238.14,0.29323,155.11,67.87,
2019-04-30,5320.81,0.3087,161.83,74.32,
2019-05-01,5383.2,0.30304,160.19,73.36,
2019-05-02,5492.87,0.30205,161.81,73.68,
2019-05-03,5772.69,0.30784,168.06,79.22,
2019-05-04,5829.45,0.30305,163.7,77.77,
2019-05-05,5775.62,0.30044,163.05,75.7,
2019-05-06,5747.79,0.30283,173.0,74.94,
2019-05-07,5846.34,0.29819,169.18,74.61,
2019-05-08,5987.29,0.29958,170.85,74.44,
2019-05-09,6209.18,0.29488,170.9,74.19,
2019-05-10,6373.33,0.29881,172.91,77.11,
2019-05-11,7076.22,0.31724,190.2,86.59,
2019-05-12,6967.31,0.31016,188.11,84.73,
2019-05-13,7790.71,0.32409,195.84,87.16,
2019-05-14,7947.56,0.409,216.4,91.17,
2019-05-15,8169.87,0.45734,248.1,102.02,
2019-05-16,7866.59,0.41876,264.25,95.49,
2019-05-17,7355.26,0.38862,244.3,89.76,
2019-05-18,7257.45,0.37183,233.6,86.51,
2019-05-19,8148.48,0.41631,259.51,94.58,
2019-05-20,7938.15,0.39636,250.37,91.1,
2019-05-21,7904.87,0.39524,253.43,90.79,
2019-05-22,7628.43,0.37183,243.64,87.74,
2019-05-23,7851.51,0.37956,244.56,88.61,
2019-05-24,7964.87,0.38286,248.87,100.5,
2019-05-25,8025.41,0.3852,250.22,102.66,
2019-05-26,8614.43,0.40372,264.45,111.0,
2019-05-27,8756.32,0.43331,270.53,116.3,
2019-05-28,8715.64,0.44877,271.03,114.81,
2019-05-29,8645.68,0.44307,268.83,115.06,
2019-05-30,8269.54,0.41789,254.56,107.78,
2019-05-31,8555.0,0.43851,267.9,114.6,
2019-06-01,8544.07,0.42894,264.33,112.35,
2019-06-02,8725.98,0.44396,268.88,114.39,
2019-06-03,8115.82,0.41731,249.91,105.99,
2019-06-04,7687.03,0.39878,241.39,102.2,
2019-06-05,7776.5,0.4001,245.63,103.66,
2019-06-06,7786.7,0.41937,248.76,111.19,
2019-06-07,7980.53,0.41886,248.77,116.71,
2019-06-08,7893.62,0.40699,243.25,118.01,
2019-06-09,7628.13,0.38527,230.98,114.66,
2019-06-10,7982.75,0.3999,246.51,129.15,
2019-06-11,7884.9,0.39192,244.29,135.69,
2019-06-12,8127.64,0.40074,261.15,135.32,
2019-06-13,8218.54,0.39876,254.67,130.55,
2019-06-14,8650.0,0.40201,262.47,132.0,
2019-06-15,8808.7,0.4095,267.82,137.54,
2019-06-16,8953.33,0.42703,267.73,136.45,
2019-06-17,9313.96,0.44705,273.16,133.8,
2019-06-18,9081.55,0.42694,264.66,135.22,
2019-06-19,9255.49,0.43406,268.14,136.43,
2019-06-20,9517.12,0.42995,271.22,135.46,
2019-06-21,10159.86,0.4425,294.35,138.28,
2019-06-22,10729.5,0.47729,310.79,142.26,
2019-06-23,10906.07,0.47015,308.52,137.5,
2019-06-24,11056.59,0.47385,311.64,135.77,
2019-06-25,11820.86,0.46809,318.26,136.33,
2019-06-26,13093.8,0.46805,339.39,132.25,
2019-06-27,11329.99,0.41049,298.35,116.01,
2019-06-28,12400.63,0.4261,311.05,120.01,
2019-06-29,11903.13,0.4262,317.62,133.86,
2019-06-30,10854.1,0.3962,292.7,123.25,
2019-07-01,10624.93,0.40691,295.07,123.17,
2019-07-02,10842.85,0.39794,291.48,118.77,
2019-07-03,11940.0,0.40456,301.14,121.36,
2019-07-04,11145.67,0.38723,282.73,119.61,
2019-07-05,10970.73,0.37881,287.47,118.35,0.0038701
2019-07-06,11256.49,0.39031,288.29,118.31,0.0035
2019-07-07,11406.24,0.39651,304.72,119.48,0.0035377
2019-07-08,12238.6,0.40073,311.97,122.92,0.003458
2019-07-09,12543.41,0.39362,307.46,119.24,0.0034545
2019-07-10,12108.37,0.36154,289.23,108.31,0.0033421
2019-07-11,11342.89,0.32875,268.63,102.98,0.003209
2019-07-12,11757.22,0.34336,274.62,104.86,0.0032622
2019-07-13,11355.76,0.33206,268.79,101.03,0.0032532
2019-07-14,10174.18,0.30366,225.85,89.66,0.0029175
2019-07-15,10838.72,0.31287,228.2,90.43,0.0030712
2019-07-16,9439.59,0.29543,198.88,79.61,0.0027994
2019-07-17,9667.92,0.31032,210.81,89.95,0.0028822
2019-07-18,10627.16,0.32035,225.73,101.16,0.0030979
2019-07-19,10504.29,0.3188,220.73,98.23,0.0030232
2019-07-20,10740.23,0.33279,228.2,100.25,0.0030787
2019-07-21,10589.45,0.33075,225.38,99.7,0.0030468
2019-07-22,10340.31,0.32111,217.51,95.31,0.0029567
2019-07-23,9864.91,0.30891,212.48,90.15,0.0028192
2019-07-24,9763.28,0.31548,216.31,94.5,0.0028741
2019-07-25,9879.87,0.31335,219.14,93.22,0.0028656
2019-07-26,9824.0,0.32303,218.81,94.06,0.0028798
2019-07-27,9476.52,0.30965,207.3,88.79,0.0028047
2019-07-28,9541.54,0.31218,211.62,90.0,0.0027932
2019-07-29,9507.64,0.31004,210.89,90.33,0.0027663
2019-07-30,9574.21,0.31823,209.58,90.15,0.0027885
2019-07-31,10080.53,0.31959,218.42,98.76,0.0028583
2019-08-01,10374.99,0.31575,216.84,98.64,0.0029004
2019-08-02,10523.75,0.31178,217.61,94.76,0.0028996
2019-08-03,10816.86,0.31596,222.14,94.17,0.0028994
2019-08-04,10929.23,0.31813,221.79,92.64,0.0029222
2019-08-05,11828.8,0.32242,233.54,96.56,0.0030428
2019-08-06,11481.69,0.3116,226.28,92.99,0.0029557
2019-08-07,11975.03,0.31109,226.1,90.59,0.0029856
2019-08-08,11999.77,0.30825,221.39,90.15,0.0029635
2019-08-09,11879.99,0.29649,210.53,84.24,0.002913
2019-08-10,11309.31,0.29918,206.48,85.46,0.00285
2019-08-11,11549.97,0.30316,216.42,89.93,0.0028874
2019-08-12,11396.08,0.3006,211.41,85.79,0.0028516
2019-08-13,10892.71,0.298,209.3,84.88,0.0028339
2019-08-14,10050.37,0.26353,187.1,75.9,0.0027161
2019-08-15,10293.93,0.26378,188.03,76.25,0.0025916
2019-08-16,10331.54,0.26047,184.88,74.67,0.002651
2019-08-17,10216.02,0.26546,185.59,72.65,0.0026251
2019-08-18,10306.78,0.2832,194.33,76.25,0.002695
2019-08-19,10915.54,0.28202,202.28,77.1,0.0027816
2019-08-20,10760.51,0.27432,196.6,75.14,0.002712
2019-08-21,10142.57,0.26589,187.45,73.27,0.0026398
2019-08-22,10099.88,0.27039,190.35,73.31,0.0026458
2019-08-23,10389.55,0.27664,194.02,75.38,0.0026668
2019-08-24,10134.35,0.27137,190.6,73.32,0.0026222
2019-08-25,10142.69,0.26954,186.54,72.1,0.0026237
2019-08-26,10372.25,0.27051,188.67,73.54,0.0026409
2019-08-27,10185.05,0.26954,187.24,72.9,0.0025993
2019-08-28,9721.0,0.25629,173.03,66.73,0.0024965
2019-08-29,9498.44,0.25698,169.01,63.59,0.0024244
2019-08-30,9584.54,0.25539,168.5,64.17,0.0024449
2019-08-31,9587.47,0.25747,171.57,64.24,0.0024528
2019-09-01,9724.98,0.25593,170.74,65.89,0.0024603
2019-09-02,10340.0,0.2606,178.05,66.92,0.0025882
2019-09-03,10615.28,0.26242,178.75,69.06,0.0025593
2019-09-04,10567.02,0.25843,174.72,67.01,0.0025097
2019-09-05,10564.49,0.25617,173.75,65.23,0.0024909
2019-09-06,10298.73,0.2511,169.08,64.87,0.00247
2019-09-07,10455.88,0.25993,177.62,68.77,0.0024542
2019-09-08,10381.18,0.26205,181.19,70.36,0.0024585
2019-09-09,10303.12,0.25855,180.54,69.89,0.0024351
2019-09-10,10098.15,0.25859,179.81,70.85,0.0024185
2019-09-11,10158.33,0.25519,178.28,69.8,0.0023892
2019-09-12,10415.01,0.25406,180.72,69.15,0.0023928
2019-09-13,10342.06,0.2552,180.95,68.93,0.002399
2019-09-14,10335.02,0.26124,188.13,70.5,0.0024192
2019-09-15,10302.01,0.26022,189.03,70.04,0.002426
2019-09-16,10251.31,0.26098,197.22,72.63,0.0024309
2019-09-17,10187.82,0.28561,207.84,74.04,0.002594
2019-09-18,10156.99,0.31344,210.21,77.81,0.0027015
2019-09-19,10244.29,0.30062,220.24,76.56,0.0027083
2019-09-20,10168.59,0.2936,218.03,75.05,0.0026497
2019-09-21,9986.39,0.28961,215.05,73.22,0.0025772
2019-09-22,10028.87,0.27653,211.2,72.23,0.002562
2019-09-23,9702.25,0.26786,201.29,66.54,0.0024474
2019-09-24,8493.14,0.23282,165.81,54.57,0.00219
2019-09-25,8430.05,0.2457,169.96,57.43,0.0021757
2019-09-26,8063.73,0.2422,165.92,55.19,0.0021396
2019-09-27,8177.91,0.24208,173.79,55.86,0.0021723
2019-09-28,8198.81,0.24163,173.49,55.37,0.0021974
2019-09-29,8043.82,0.24024,169.24,53.82,0.0021854
2019-09-30,8289.34,0.2566,180.85,55.99,0.0023747
2019-10-01,8292.44,0.24788,175.66,55.63,0.0023503
2019-10-02,8359.94,0.25247,180.24,56.23,0.002323
2019-10-03,8223.96,0.24674,174.69,56.44,0.0022977
2019-10-04,8137.13,0.25243,175.55,56.3,0.0022893
2019-10-05,8126.19,0.25325,176.25,56.69,0.0022922
2019-10-06,7854.25,0.25552,170.1,54.41,0.0022677
2019-10-07,8190.09,0.27592,179.85,57.46,0.002331
2019-10-08,8168.39,0.2774,180.6,56.94,0.0023096
2019-10-09,8560.74,0.28082,192.62,59.12,0.0023522
2019-10-10,8558.03,0.27021,191.14,57.47,0.0023
2019-10-11,8258.5,0.26743,180.72,55.85,0.0022909
2019-10-12,8300.09,0.27226,179.68,55.7,0.0023196
2019-10-13,8275.01,0.27726,180.99,56.46,0.0024317
2019-10-14,8348.2,0.29727,186.72,56.83,0.0025415
2019-10-15,8159.29,0.28859,180.49,54.58,0.0024964
2019-10-16,7991.74,0.28331,174.47,52.45,0.0026162
2019-10-17,8070.58,0.30167,177.16,54.94,0.0027405
2019-10-18,7947.01,0.29404,172.74,53.21,0.0026952
2019-10-19,7948.01,0.29145,171.79,53.72,0.0027176
2019-10-20,8223.35,0.29386,175.22,54.85,0.0027151
2019-10-21,8197.27,0.29187,173.98,54.57,0.0026879
2019-10-22,8020.0,0.29046,171.2,53.39,0.0025311
2019-10-23,7466.62,0.27306,162.35,49.5,0.0024746
2019-10-24,7412.41,0.27596,160.38,49.54,0.0025183
2019-10-25,8655.02,0.29829,181.5,56.93,0.0026694
2019-10-26,9230.0,0.29351,179.49,56.71,0.0025925
2019-10-27,9529.93,0.29818,183.75,59.78,0.00264
2019-10-28,9205.14,0.29447,181.72,57.7,0.0026265
2019-10-29,9407.62,0.30192,190.46,59.75,0.002625
2019-10-30,9154.72,0.29471,183.13,57.89,0.0025936
2019-10-31,9140.85,0.29452,182.18,58.29,0.0025844
2019-11-01,9231.61,0.29146,182.85,58.23,0.0025932
2019-11-02,9289.52,0.29456,182.91,58.25,0.0025773
2019-11-03,9194.71,0.29024,181.54,58.29,0.0025861
2019-11-04,9393.35,0.29863,185.71,61.29,0.0025751
2019-11-05,9308.66,0.30061,188.68,63.12,0.0025927
2019-11-06,9339.05,0.31009,191.16,64.11,0.0025952
2019-11-07,9216.2,0.29061,186.68,61.39,0.0026982
2019-11-08,8773.73,0.27547,183.74,60.38,0.0026381
2019-11-09,8809.41,0.2799,184.89,62.04,0.0027126
2019-11-10,9039.47,0.27894,188.96,63.65,0.0027565
2019-11-11,8733.27,0.27423,184.98,61.84,0.002705
2019-11-12,8821.94,0.27222,187.09,61.42,0.0027078
2019-11-13,8777.12,0.27202,188.11,60.96,0.0026821
2019-11-14,8646.68,0.26795,184.92,59.0,0.002662
2019-11-15,8471.73,0.26069,180.0,57.6,0.002658
2019-11-16,8491.02,0.26218,182.37,58.3,0.0026606
2019-11-17,8502.4,0.26311,183.82,59.22,0.0026258
2019-11-18,8187.17,0.25179,178.2,55.81,0.0025395
2019-11-19,8133.64,0.25398,175.94,55.13,0.0025165
2019-11-20,8098.01,0.25014,174.72,54.98,0.0025225
2019-11-21,7627.74,0.24345,161.01,50.61,0.0024063
2019-11-22,7268.23,0.23,149.56,47.32,0.0023524
2019-11-23,7311.57,0.23407,151.84,48.1,0.0023994
2019-11-24,6903.28,0.21989,139.96,43.86,0.002233
2019-11-25,7109.57,0.21731,145.69,45.47,0.0022539
2019-11-26,7156.14,0.2206,147.47,46.91,0.0022663
2019-11-27,7508.52,0.224,152.62,47.7,0.0023208
2019-11-28,7419.49,0.22313,150.72,46.79,0.002272
2019-11-29,7739.68,0.22998,154.57,48.54,0.0023593
2019-11-30,7541.89,0.2255,151.37,47.21,0.0022918
2019-12-01,7390.89,0.22477,150.73,47.45,0.0022648
2019-12-02,7294.28,0.21914,148.65,45.45,0.0022194
2019-12-03,7292.71,0.21951,147.17,44.75,0.0021782
2019-12-04,7194.32,0.2139,145.38,44.67,0.0021682
2019-12-05,7389.0,0.22118,148.1,44.81,0.0021755
2019-12-06,7527.47,0.22546,148.45,45.28,0.0021944
2019-12-07,7488.21,0.22699,147.14,45.15,0.002184
2019-12-08,7510.11,0.22909,150.44,45.56,0.0021971
2019-12-09,7338.64,0.22445,147.38,44.45,0.0021699
2019-12-10,7224.13,0.22256,145.56,44.09,0.0021368
2019-12-11,7210.0,0.22093,143.39,43.7,0.0021379
2019-12-12,7198.08,0.21837,144.87,43.65,0.0021344
2019-12-13,7258.48,0.22054,144.8,44.44,0.0021321
2019-12-14,7064.05,0.21605,141.79,43.25,0.0021127
2019-12-15,7118.59,0.21735,142.46,43.44,0.0021363
2019-12-16,6891.72,0.2055,132.73,39.99,0.002087
2019-12-17,6623.82,0.1831,121.88,36.92,0.0019772
2019-12-18,7277.83,0.19573,132.78,40.79,0.0020483
2019-12-19,7150.3,0.1878,128.1,39.65,0.0020205
2019-12-20,7187.83,0.19521,128.19,40.17,0.0020273
2019-12-21,7132.75,0.19143,126.99,39.67,0.00204
2019-12-22,7501.44,0.19649,132.09,41.82,0.0020808
2019-12-23,7317.09,0.18953,127.8,40.56,0.002051
2019-12-24,7255.77,0.19077,127.75,40.34,0.0020184
2019-12-25,7204.63,0.18852,125.09,40.08,0.00204
2019-12-26,7202.0,0.18923,125.58,40.01,0.0020245
2019-12-27,7254.74,0.19003,126.29,40.95,0.0020277
2019-12-28,7316.14,0.1932,128.11,42.83,0.0020458
2019-12-29,7388.24,0.19653,134.36,43.08,0.0020329
2019-12-30,7246.0,0.19326,131.59,42.38,0.0020264
2019-12-31,7195.23,0.19295,129.16,41.3,0.0020135
2020-01-01,7200.85,0.19305,130.77,41.62,0.0020245
2020-01-02,6965.71,0.1875,127.19,39.43,0.0019951
2020-01-03,7344.96,0.19338,134.35,42.23,0.0020236
2020-01-04,7354.11,0.19305,134.2,42.78,0.0020579
2020-01-05,7358.75,0.19453,135.37,43.3,0.0020696
2020-01-06,7758.0,0.2231,144.15,45.8,0.0021344
2020-01-07,8145.28,0.21335,142.8,46.3,0.002175
2020-01-08,8055.98,0.2075,140.72,45.35,0.0020886
2020-01-09,7817.76,0.20373,137.74,44.74,0.0021282
2020-01-10,8197.02,0.21284,144.84,49.06,0.0021973
2020-01-11,8020.01,0.21121,142.38,49.3,0.0021754
2020-01-12,8184.98,0.21539,146.54,51.43,0.0021963
2020-01-13,8110.34,0.21134,143.58,49.6,0.0021704
2020-01-14,8810.01,0.23464,165.64,58.39,0.0023581
2020-01-15,8821.41,0.23367,166.4,58.16,0.0023669
2020-01-16,8720.01,0.229,164.21,57.56,0.0023276
2020-01-17,8913.28,0.23921,169.85,61.02,0.0024868
2020-01-18,8915.96,0.24357,174.14,59.32,0.0025115
2020-01-19,8701.7,0.23558,166.79,57.6,0.0023982
2020-01-20,8642.35,0.23314,166.87,57.19,0.002376
2020-01-21,8736.03,0.23726,169.49,57.57,0.0023673
2020-01-22,8682.36,0.23733,168.07,58.33,0.0023434
2020-01-23,8404.52,0.22586,162.81,54.52,0.0022514
2020-01-24,8439.0,0.22222,162.54,54.38,0.0022698
2020-01-25,8340.58,0.21946,160.35,53.25,0.002251
2020-01-26,8615.0,0.23131,167.86,56.24,0.0022854
2020-01-27,8907.57,0.23077,170.08,58.55,0.0023594
2020-01-28,9374.21,0.23906,175.64,60.52,0.0024412
2020-01-29,9301.53,0.23539,173.72,59.8,0.0023865
2020-01-30,9513.21,0.24376,184.69,67.98,0.002414
2020-01-31,9352.89,0.23946,179.99,68.0,0.0023776
2020-02-01,9384.61,0.24141,183.6,70.72,0.002417
2020-02-02,9331.51,0.25093,188.44,69.93,0.0024406
2020-02-03,9292.24,0.25453,189.69,69.65,0.0024156
2020-02-04,9197.02,0.26737,188.91,68.07,0.0025169
2020-02-05,9612.04,0.27774,203.78,72.59,0.0025826
2020-02-06,9772.0,0.28325,213.19,73.6,0.0026654
2020-02-07,9813.73,0.27953,223.33,74.3,0.0027888
2020-02-08,9895.05,0.27735,223.05,76.56,0.003171
2020-02-09,10151.75,0.28257,228.49,77.0,0.0032235
2020-02-10,9851.83,0.27338,222.89,74.02,0.0029663
2020-02-11,10223.08,0.281,236.69,76.46,0.00303
2020-02-12,10326.46,0.30427,265.74,81.17,0.0030589
2020-02-13,10229.63,0.32709,268.32,80.55,0.0030132
2020-02-14,10344.36,0.33594,285.15,83.14,0.0031067
2020-02-15,9904.72,0.30729,264.88,76.7,0.0029031
2020-02-16,9917.27,0.29224,258.85,74.67,0.0027522
2020-02-17,9706.0,0.28736,267.85,73.41,0.0026999
2020-02-18,10164.71,0.29827,282.61,77.25,0.0028286
2020-02-19,9593.79,0.27466,258.45,70.61,0.0026085
2020-02-20,9596.42,0.2709,256.96,69.4,0.002653
2020-02-21,9677.05,0.27418,265.27,73.25,0.0026481
2020-02-22,9650.86,0.27468,261.57,74.79,0.0025887
2020-02-23,9936.4,0.28298,274.48,79.52,0.0026772
2020-02-24,9656.13,0.2704,265.52,75.59,0.0025769
2020-02-25,9315.84,0.25209,246.67,70.98,0.0024734
2020-02-26,8785.25,0.22915,223.93,60.53,0.0023439
2020-02-27,8823.21,0.2385,227.79,61.77,0.0023255
2020-02-28,8692.91,0.23663,226.76,59.89,0.0022823
2020-02-29,8523.61,0.22892,217.21,58.05,0.0022153
2020-03-01,8531.88,0.22696,217.81,57.7,0.0022794
2020-03-02,8915.24,0.23958,231.97,61.42,0.0023471
2020-03-03,8760.07,0.23428,223.91,61.01,0.0024985
2020-03-04,8750.87,0.23453,224.26,60.38,0.0024187
2020-03-05,9054.68,0.23909,228.38,62.06,0.0024771
2020-03-06,9131.88,0.24477,244.88,63.22,0.0024862
2020-03-07,8886.66,0.23622,237.23,60.46,0.0024066
2020-03-08,8033.31,0.20385,199.43,51.0,0.0021671
2020-03-09,7929.87,0.20952,202.81,50.39,0.0022203
2020-03-10,7894.56,0.21185,200.7,50.26,0.0022053
2020-03-11,7934.52,0.20813,194.61,48.53,0.0021716
2020-03-12,4800.0,0.13549,107.82,29.83,0.0015996
2020-03-13,5578.6,0.15872,134.06,37.52,0.001746
2020-03-14,5172.06,0.14588,122.54,34.4,0.0016632
2020-03-15,5361.3,0.15308,123.78,36.38,0.0016932
2020-03-16,5028.97,0.14102,111.02,33.2,0.0015817
2020-03-17,5312.64,0.14694,115.67,34.07,0.0016219
2020-03-18,5393.04,0.1476,118.11,34.71,0.0016002
2020-03-19,6162.37,0.1646,136.3,38.9,0.00177
2020-03-20,6208.36,0.15695,133.48,38.08,0.0017802
2020-03-21,6186.98,0.15797,132.66,38.32,0.0017849
2020-03-22,5816.19,0.14776,122.32,35.4,0.0017264
2020-03-23,6467.31,0.15854,135.92,38.94,0.0018192
2020-03-24,6744.72,0.16225,138.42,40.57,0.0018641
2020-03-25,6677.43,0.16168,136.1,39.17,0.0018296
2020-03-26,6737.36,0.17593,138.4,40.41,0.0018519
2020-03-27,6359.11,0.17269,131.33,38.04,0.0017766
2020-03-28,6236.65,0.17543,130.98,38.87,0.001783
2020-03-29,5881.42,0.16278,124.5,37.11,0.0017099
2020-03-30,6394.38,0.17112,132.06,38.91,0.0017957
2020-03-31,6410.44,0.17353,132.72,39.08,0.0018041
2020-04-01,6642.92,0.17494,135.69,39.23,0.0018631
2020-04-02,6794.09,0.17828,141.28,39.86,0.0018777
2020-04-03,6734.1,0.17957,141.31,40.46,0.0018467
2020-04-04,6856.99,0.18114,144.1,40.71,0.0018697
2020-04-05,6772.78,0.17925,142.68,40.31,0.00185
2020-04-06,7329.9,0.19803,171.32,45.04,0.0019896
2020-04-07,7197.32,0.19285,164.63,44.77,0.0019943
2020-04-08,7361.28,0.20192,173.11,46.55,0.0020038
2020-04-09,7283.54,0.19829,169.52,46.21,0.0020151
2020-04-10,6858.92,0.18758,157.81,42.25,0.001965
2020-04-11,6876.83,0.1885,158.33,42.54,0.0019645
2020-04-12,6903.79,0.18939,158.59,42.0,0.0019673
2020-04-13,6837.91,0.18763,156.29,41.22,0.0019533
2020-04-14,6868.7,0.18613,158.45,41.22,0.0019656
2020-04-15,6621.24,0.1805,152.73,39.22,0.0019061
2020-04-16,7101.94,0.19053,172.29,42.53,0.001995
2020-04-17,7027.55,0.18863,170.69,42.19,0.001983
2020-04-18,7248.6,0.19544,187.4,44.14,0.0020445
2020-04-19,7120.74,0.18901,180.03,42.23,0.0020313
2020-04-20,6826.83,0.18151,170.2,40.21,0.0019787
2020-04-21,6841.37,0.18341,170.74,40.59,0.00195
2020-04-22,7125.14,0.18804,182.7,41.8,0.0019957
2020-04-23,7482.39,0.1926,185.51,42.98,0.0020512
2020-04-24,7505.0,0.19325,187.59,44.53,0.0020832
2020-04-25,7538.67,0.19418,194.21,44.38,0.0021245
2020-04-26,7693.1,0.19618,197.38,44.52,0.0024076
2020-04-27,7774.62,0.19747,196.34,44.46,0.0023456
2020-04-28,7738.98,0.21416,196.24,45.69,0.002327
2020-04-29,8778.57,0.22648,215.36,48.81,0.0024912
2020-04-30,8620.0,0.21135,206.08,46.33,0.002433
2020-05-01,8826.96,0.21786,212.02,47.07,0.0024749
2020-05-02,8972.05,0.22369,213.9,49.2,0.002542
2020-05-03,8894.16,0.21936,209.86,48.05,0.0025001
2020-05-04,8871.96,0.21776,206.48,46.96,0.0024605
2020-05-05,9021.83,0.21688,205.29,46.54,0.0024738
2020-05-06,9142.92,0.21158,198.97,44.94,0.0024801
2020-05-07,9986.4,0.21862,212.0,47.37,0.0026627
2020-05-08,9800.01,0.21865,211.31,47.69,0.0026052
2020-05-09,9539.4,0.21642,210.07,46.95,0.0026075
2020-05-10,8722.77,0.19702,187.54,42.06,0.0024602
2020-05-11,8561.52,0.19254,185.73,41.51,0.0024125
2020-05-12,8810.79,0.19711,189.76,42.18,0.0024606
2020-05-13,9309.37,0.20177,199.58,43.18,0.0025245
2020-05-14,9791.98,0.20386,203.29,43.98,0.0025813
2020-05-15,9316.42,0.19818,194.86,42.74,0.0024888
2020-05-16,9381.27,0.19969,200.45,43.25,0.0025098
2020-05-17,9680.04,0.20131,207.0,43.71,0.0025331
2020-05-18,9733.93,0.20543,214.91,45.32,0.0025379
2020-05-19,9775.53,0.20496,214.58,45.73,0.0025487
2020-05-20,9511.43,0.20179,209.98,44.25,0.0025002
2020-05-21,9068.65,0.19434,198.74,42.73,0.0024774
2020-05-22,9170.0,0.20034,207.36,44.23,0.0025175
2020-05-23,9179.15,0.19883,206.6,43.85,0.0025271
2020-05-24,8720.34,0.19256,199.9,42.08,0.0024461
2020-05-25,8900.35,0.19622,204.15,42.97,0.0025324
2020-05-26,8841.18,0.19372,200.89,42.27,0.0024781
2020-05-27,9204.07,0.19791,208.29,43.85,0.0024998
2020-05-28,9575.89,0.20052,220.21,44.77,0.002523
2020-05-29,9427.07,0.19759,220.67,44.47,0.0025303
2020-05-30,9697.72,0.20701,243.66,47.72,0.002618
2020-05-31,9448.27,0.20245,231.57,45.61,0.0025599
2020-06-01,10200.77,0.211,248.23,48.25,0.0026452
2020-06-02,9518.04,0.20301,237.71,45.99,0.0025666
2020-06-03,9666.24,0.2041,244.52,47.16,0.0025867
2020-06-04,9789.06,0.20427,243.21,47.43,0.002623
2020-06-05,9621.16,0.20274,240.03,46.83,0.0025907
2020-06-06,9666.3,0.20361,241.94,46.79,0.0025926
2020-06-07,9746.99,0.20329,244.56,46.63,0.0025987
2020-06-08,9782.01,0.20403,246.4,46.43,0.0025786
2020-06-09,9772.43,0.20127,243.8,45.87,0.0025586
2020-06-10,9885.0,0.20266,247.78,46.63,0.0025761
2020-06-11,9280.4,0.18817,230.51,43.22,0.0024463
2020-06-12,9465.13,0.19307,237.55,44.72,0.0025
2020-06-13,9473.34,0.19234,238.11,45.08,0.0025241
2020-06-14,9342.1,0.19022,231.77,44.05,0.0024972
2020-06-15,9426.02,0.19238,230.86,43.73,0.0024743
2020-06-16,9525.59,0.19238,235.3,43.88,0.0024855
2020-06-17,9465.14,0.19315,233.82,44.07,0.0024806
2020-06-18,9386.32,0.18975,231.27,43.43,0.0024575
2020-06-19,9310.23,0.18722,229.0,42.89,0.0024399
2020-06-20,9358.95,0.18792,228.89,43.57,0.0024419
2020-06-21,9294.69,0.18602,228.04,43.0,0.0024295
2020-06-22,9685.69,0.18928,243.13,44.3,0.0024731
2020-06-23,9624.89,0.18889,243.14,44.18,0.0024686
2020-06-24,9296.49,0.18348,234.58,42.65,0.0024193
2020-06-25,9249.49,0.18156,232.5,42.35,0.0024081
2020-06-26,9162.21,0.18249,229.64,43.09,0.0023593
2020-06-27,9012.0,0.17509,220.94,41.06,0.0023045
2020-06-28,9116.35,0.17693,224.93,41.37,0.0023142
2020-06-29,9192.56,0.17726,227.93,41.87,0.0023077
2020-06-30,9138.55,0.17533,225.6,41.17,0.0023185
2020-07-01,9232.0,0.17647,230.99,41.77,0.0023203
2020-07-02,9086.54,0.17477,226.46,41.05,0.002322
2020-07-03,9058.26,0.1762,224.87,41.14,0.0023139
2020-07-04,9135.46,0.17808,229.17,42.11,0.0023012
2020-07-05,9069.41,0.17695,227.56,41.58,0.0023029
2020-07-06,9344.2,0.18875,241.6,44.06,0.0026193
2020-07-07,9257.39,0.18508,239.39,43.39,0.003136
2020-07-08,9436.06,0.20551,246.95,45.35,0.0047657
2020-07-09,9232.43,0.20263,241.98,44.33,0.0043214
2020-07-10,9288.34,0.19909,241.26,44.3,0.0035313
2020-07-11,9234.03,0.2011,239.19,44.69,0.0038041
2020-07-12,9302.75,0.20128,242.79,44.7,0.0036358
2020-07-13,9242.62,0.19867,239.5,43.92,0.0031677
2020-07-14,9255.85,0.19909,240.44,43.88,0.0032888
2020-07-15,9197.6,0.19721,238.61,43.33,0.0030868
2020-07-16,9133.72,0.19444,233.57,42.09,0.0029808
2020-07-17,9154.32,0.1944,232.67,41.9,0.0030528
2020-07-18,9170.28,0.1999,235.67,42.45,0.003449
2020-07-19,9208.99,0.19956,239.11,42.64,0.0033811
2020-07-20,9160.78,0.19465,236.01,41.94,0.0032201
2020-07-21,9390.0,0.19949,245.59,43.77,0.0032979
2020-07-22,9518.16,0.20348,263.74,44.96,0.0032868
2020-07-23,9603.27,0.20851,275.3,44.94,0.0032997
2020-07-24,9537.8,0.20392,279.15,44.11,0.0032113
2020-07-25,9700.42,0.21463,305.26,49.16,0.0032475
2020-07-26,9931.54,0.21532,311.0,48.1,0.0032323
2020-07-27,11029.96,0.22437,321.93,53.28,0.0031694
2020-07-28,10906.27,0.23029,316.77,55.75,0.003188
2020-07-29,11100.53,0.24327,317.71,55.16,0.0031663
2020-07-30,11099.61,0.24408,334.87,56.75,0.0032281
2020-07-31,11335.46,0.25939,346.33,58.13,0.003224
2020-08-01,11801.17,0.29089,387.0,61.65,0.0037144
2020-08-02,11071.35,0.28803,372.42,56.77,0.0033312
2020-08-03,11219.81,0.31016,385.94,58.48,0.0033818
2020-08-04,11191.97,0.30138,389.61,57.61,0.0035458
2020-08-05,11744.91,0.30228,400.72,58.88,0.0035028
2020-08-06,11762.46,0.30311,394.77,59.03,0.00356
2020-08-07,11594.23,0.29437,379.34,57.17,0.003496
2020-08-08,11761.41,0.29527,397.03,58.46,0.0035134
2020-08-09,11681.68,0.2879,390.14,56.96,0.0034664
2020-08-10,11892.92,0.29469,395.44,58.27,0.0034952
2020-08-11,11392.08,0.2831,379.0,54.1,0.0033906
2020-08-12,11564.33,0.28233,387.18,54.52,0.0034606
2020-08-13,11780.0,0.2942,424.54,57.14,0.0034877
2020-08-14,11760.54,0.29995,438.11,56.78,0.0035731
2020-08-15,11852.4,0.29884,432.32,59.85,0.0035328
2020-08-16,11911.0,0.30455,433.62,63.87,0.0035302
2020-08-17,12281.13,0.31539,430.89,67.22,0.0035877
2020-08-18,11945.01,0.30251,421.95,65.4,0.003476
2020-08-19,11754.59,0.28975,407.46,62.12,0.0034196
2020-08-20,11853.55,0.29218,415.94,62.8,0.0034399
2020-08-21,11531.34,0.27933,387.97,59.2,0.0033776
2020-08-22,11662.96,0.28592,395.24,60.21,0.0034331
2020-08-23,11648.13,0.2848,390.71,60.55,0.0033955
2020-08-24,11748.2,0.2884,407.68,62.02,0.0034116
2020-08-25,11318.42,0.27625,382.93,58.34,0.0032907
2020-08-26,11461.43,0.27653,385.81,58.1,0.0032939
2020-08-27,11330.38,0.26469,383.27,56.1,0.0031997
2020-08-28,11526.91,0.27174,395.11,57.38,0.0032637
2020-08-29,11465.84,0.2738,398.65,56.97,0.0032749
2020-08-30,11711.16,0.28302,428.94,62.89,0.0032981
2020-08-31,11649.51,0.28115,433.79,60.92,0.0032073
2020-09-01,11921.97,0.29521,475.4,62.69,0.0032411
2020-09-02,11388.54,0.27595,439.5,58.06,0.0031161
2020-09-03,10140.85,0.24409,381.4,47.28,0.0027692
2020-09-04,10446.25,0.25385,385.26,50.32,0.0028797
2020-09-05,10166.69,0.23738,335.01,47.83,0.002764
2020-09-06,10256.2,0.23986,352.8,47.92,0.0027859
2020-09-07,10373.44,0.24198,353.59,48.84,0.0028151
2020-09-08,10126.65,0.23657,337.39,47.47,0.002747
2020-09-09,10219.2,0.23901,350.85,47.82,0.002779
2020-09-10,10336.87,0.24302,367.93,48.67,0.0028077
2020-09-11,10387.89,0.24252,373.63,48.96,0.0027956
2020-09-12,10440.92,0.24752,387.78,50.8,0.0028141
2020-09-13,10332.83,0.24218,366.42,48.15,0.002783
2020-09-14,10671.77,0.24564,377.12,49.08,0.0027851
2020-09-15,10785.31,0.24331,364.06,48.31,0.0028278
2020-09-16,10954.01,0.24686,365.11,47.76,0.0028053
2020-09-17,10939.99,0.25214,389.36,48.85,0.0028078
2020-09-18,10933.39,0.25065,384.39,48.54,0.0027892
2020-09-19,11080.65,0.25112,385.25,48.52,0.0027901
2020-09-20,10920.28,0.24652,371.04,47.09,0.0027729
2020-09-21,10417.22,0.23102,340.36,43.16,0.0025972
2020-09-22,10529.61,0.23302,344.21,44.47,0.0026432
2020-09-23,10241.46,0.22164,320.72,42.96,0.0025444
2020-09-24,10736.32,0.23276,348.97,44.92,0.0026297
2020-09-25,10686.67,0.24154,351.92,46.02,0.0027015
2020-09-26,10728.6,0.24153,353.92,46.03,0.0026972
2020-09-27,10774.25,0.24334,357.49,46.05,0.0026954
2020-09-28,10696.12,0.24107,353.96,45.23,0.0026504
2020-09-29,10840.48,0.24285,359.79,45.69,0.0026727
2020-09-30,10776.59,0.24171,359.83,46.24,0.002635
2020-10-01,10619.13,0.23819,352.85,46.25,0.0026246
2020-10-02,10570.4,0.23386,345.6,44.88,0.0025902
2020-10-03,10542.06,0.23273,345.95,45.51,0.0025955
2020-10-04,10666.63,0.24794,352.37,46.69,0.002633
2020-10-05,10792.21,0.2503,353.62,46.34,0.0026182
2020-10-06,10599.66,0.24545,340.75,45.99,0.002597
2020-10-07,10666.39,0.2487,341.58,46.55,0.0025895
2020-10-08,10925.57,0.25141,350.95,47.21,0.0026098
2020-10-09,11050.64,0.25293,365.02,47.78,0.0026556
2020-10-10,11293.22,0.25402,370.52,48.88,0.0026621
2020-10-11,11369.02,0.25544,374.16,50.48,0.0026701
2020-10-12,11528.25,0.25603,386.51,50.58,0.002667
2020-10-13,11420.56,0.2565,381.04,49.89,0.0026385
2020-10-14,11417.89,0.24906,378.69,49.79,0.002639
2020-10-15,11505.12,0.24596,377.64,49.53,0.0025953
2020-10-16,11319.32,0.24011,365.5,47.6,0.002604
2020-10-17,11360.2,0.24057,368.32,46.93,0.0025834
2020-10-18,11503.14,0.24221,378.11,47.54,0.0025874
2020-10-19,11751.47,0.24558,379.3,47.99,0.0025921
2020-10-20,11909.99,0.24322,368.52,46.88,0.0025944
2020-10-21,12780.96,0.25088,390.38,52.98,0.002623
2020-10-22,12968.52,0.25709,413.98,54.35,0.002646
2020-10-23,12923.07,0.25471,409.11,55.42,0.0026423
2020-10-24,13111.73,0.2562,412.14,59.23,0.0026365
2020-10-25,13028.83,0.25313,405.86,58.84,0.0026528
2020-10-26,13052.19,0.2481,392.52,56.82,0.002665
2020-10-27,13636.17,0.25273,403.45,57.91,0.0026702
2020-10-28,13266.4,0.2454,388.23,55.77,0.0025801
2020-10-29,13455.7,0.24239,387.13,54.87,0.0025733
2020-10-30,13560.1,0.23905,382.49,54.01,0.0025833
2020-10-31,13791.0,0.23968,386.46,55.72,0.0025666
2020-11-01,13761.5,0.23999,396.67,55.6,0.0025745
2020-11-02,13549.37,0.23523,383.02,53.8,0.0025162
2020-11-03,14023.53,0.2396,387.88,53.96,0.0025141
2020-11-04,14144.01,0.23758,402.49,54.67,0.002546
2020-11-05,15590.02,0.24561,416.69,58.95,0.0026347
2020-11-06,15579.92,0.25863,455.91,63.2,0.002757
2020-11-07,14818.3,0.2491,435.21,58.9,0.00267
2020-11-08,15475.1,0.25374,454.3,61.02,0.002707
2020-11-09,15328.41,0.25059,444.32,59.23,0.002672
2020-11-10,15297.21,0.2538,450.34,57.93,0.002761
2020-11-11,15684.24,0.25581,463.09,59.27,0.002758
2020-11-12,16291.86,0.2549,462.39,60.72,0.0027788
2020-11-13,16320.7,0.2659,476.43,65.96,0.0028114
2020-11-14,16070.45,0.26824,460.89,63.85,0.0027689
2020-11-15,15957.0,0.26954,448.08,62.28,0.0027718
2020-11-16,16713.57,0.28813,460.55,73.84,0.00289
2020-11-17,17659.38,0.30247,482.15,76.32,0.0029398
2020-11-18,17776.12,0.29335,478.41,73.42,0.0029085
2020-11-19,17802.82,0.30358,471.25,81.53,0.0029068
2020-11-20,18655.67,0.32991,510.12,82.53,0.002987
2020-11-21,18703.8,0.46283,552.35,87.14,0.0035132
2020-11-22,18414.43,0.44611,560.03,82.87,0.0033415
2020-11-23,18368.0,0.61579,608.58,89.03,0.0036845
2020-11-24,19160.01,0.694,604.97,89.25,0.0042592
2020-11-25,18719.11,0.63022,569.5,81.75,0.0037081
2020-11-26,17149.47,0.53654,519.83,71.0,0.0032492
2020-11-27,17139.52,0.5623,518.68,69.15,0.0032752
2020-11-28,17719.85,0.62579,537.52,72.7,0.0033945
2020-11-29,18184.99,0.60543,576.3,78.91,0.0034365
2020-11-30,19695.87,0.66417,616.66,87.65,0.003561
2020-12-01,18764.96,0.61088,585.26,85.08,0.0033211
2020-12-02,19204.09,0.62972,596.89,88.9,0.0033624
2020-12-03,19421.9,0.63046,615.85,89.0,0.003429
2020-12-04,18650.52,0.55367,567.24,79.52,0.003283
2020-12-05,19147.66,0.58517,596.8,83.14,0.0033917
2020-12-06,19359.4,0.62107,601.54,83.55,0.0033857
2020-12-07,19166.9,0.60818,591.28,83.37,0.003336
2020-12-08,18324.11,0.5589,554.94,76.76,0.0031723
2020-12-09,18541.28,0.58265,573.09,77.41,0.0031562
2020-12-10,18254.63,0.57267,558.99,74.7,0.0031043
2020-12-11,18036.53,0.54945,544.43,72.2,0.0030732
2020-12-12,18808.69,0.50658,568.04,76.67,0.0031609
2020-12-13,19174.99,0.51365,590.7,82.28,0.00326
2020-12-14,19273.14,0.4974,586.29,82.35,0.003226
2020-12-15,19426.43,0.46793,588.64,81.32,0.0032078
2020-12-16,21335.52,0.56941,637.18,92.94,0.0034183
2020-12-17,22797.16,0.5769,642.7,101.01,0.003722
2020-12-18,23107.39,0.58337,653.85,109.34,0.0038675
2020-12-19,23821.61,0.57666,658.03,119.85,0.0039291
2020-12-20,23455.52,0.55586,638.18,114.58,0.0046381
2020-12-21,22719.71,0.51445,607.58,104.45,0.0047784
2020-12-22,23810.79,0.44642,636.45,114.32,0.0045159
2020-12-23,23232.76,0.2605,585.56,102.45,0.0037449
2020-12-24,23729.2,0.33863,612.31,111.13,0.0045731
2020-12-25,24712.47,0.31768,626.82,127.78,0.0045549
2020-12-26,26493.39,0.29481,637.44,129.61,0.0045131
2020-12-27,26281.66,0.28407,685.11,127.88,0.004547
2020-12-28,27079.41,0.24845,730.41,129.83,0.0046015
2020-12-29,27385.0,0.22142,732.0,128.8,0.0045012
2020-12-30,28875.54,0.21138,752.17,130.05,0.0046251
2020-12-31,28923.63,0.21959,736.42,124.21,0.0046709
2021-01-01,29331.69,0.23746,728.91,126.24,0.00568
2021-01-02,32178.33,0.22064,774.56,136.96,0.0105264
2021-01-03,33000.05,0.2254,978.28,161.24,0.0098209
2021-01-04,31988.71,0.23565,1041.43,155.34,0.0097613
2021-01-05,33949.53,0.22573,1099.56,158.43,0.00997
2021-01-06,36769.36,0.24854,1208.42,168.92,0.01042
2021-01-07,39432.28,0.32389,1224.87,169.35,0.0097439
2021-01-08,40582.81,0.32032,1216.93,172.19,0.00974
2021-01-09,40088.22,0.32419,1276.0,177.26,0.0101789
2021-01-10,38150.02,0.31491,1254.25,170.07,0.00982
2021-01-11,35404.47,0.28743,1087.01,138.87,0.0088326
2021-01-12,34051.24,0.29254,1050.16,133.42,0.0080807
2021-01-13,37371.38,0.30582,1129.89,147.38,0.0086738
2021-01-14,39144.5,0.29642,1231.62,152.5,0.0093907
2021-01-15,36742.22,0.27991,1168.53,143.65,0.0093525
2021-01-16,35994.98,0.27924,1227.83,143.52,0.0092374
2021-01-17,35828.61,0.27746,1232.45,142.8,0.0090987
2021-01-18,36631.27,0.28528,1258.45,151.96,0.0091782
2021-01-19,35891.49,0.29396,1365.36,151.86,0.0090428
2021-01-20,35468.23,0.29539,1376.99,149.69,0.0090487
2021-01-21,30850.13,0.26802,1110.96,129.72,0.0081581
2021-01-22,32945.17,0.27217,1232.62,137.66,0.0085075
2021-01-23,32078.0,0.27167,1233.6,137.67,0.0085779
2021-01-24,32259.9,0.27339,1392.51,141.01,0.0087135
2021-01-25,32254.2,0.26757,1317.88,137.07,0.0083509
2021-01-26,32467.77,0.26834,1365.97,134.67,0.0082472
2021-01-27,30366.15,0.25039,1239.03,122.44,0.0074124
2021-01-28,33364.86,0.26407,1329.69,133.27,0.0364995
2021-01-29,34252.2,0.2829,1379.5,134.65,0.0459059
2021-01-30,34262.88,0.44372,1378.05,133.36,0.02826
2021-01-31,33092.98,0.49507,1312.55,129.36,0.037
2021-02-01,33526.37,0.37106,1374.17,132.0,0.0348173
2021-02-02,35466.24,0.37254,1511.87,141.98,0.0313489
2021-02-03,37618.87,0.39721,1664.49,155.93,0.0372597
2021-02-04,36936.66,0.44545,1595.67,145.07,0.0529081
2021-02-05,38290.24,0.45219,1719.19,155.05,0.0467193
2021-02-06,39186.94,0.44307,1676.35,155.57,0.0576559
2021-02-07,38795.69,0.41849,1611.62,150.76,0.0779247
2021-02-08,46374.87,0.45099,1750.15,167.28,0.0787
2021-02-09,46420.42,0.47636,1769.13,181.49,0.0700121
2021-02-10,44807.58,0.50429,1740.78,181.56,0.0725527
2021-02-11,47969.51,0.52806,1785.62,183.62,0.069583
2021-02-12,47287.6,0.609,1840.26,196.69,0.0697675
2021-02-13,47153.69,0.63309,1814.96,225.76,0.0662405
2021-02-14,48577.79,0.59211,1800.42,213.49,0.0626783
2021-02-15,47911.1,0.54976,1779.25,207.83,0.0565
2021-02-16,49133.45,0.51995,1781.99,210.26,0.053476
2021-02-17,52119.71,0.53467,1849.88,237.49,0.0495187
2021-02-18,51552.6,0.53204,1939.61,226.59,0.0587991
2021-02-19,55906.0,0.56465,1955.0,236.5,0.055033
2021-02-20,55841.19,0.51167,1913.0,226.65,0.0541708
2021-02-21,57408.57,0.54468,1933.53,227.13,0.0560183
2021-02-22,54087.67,0.56646,1777.58,208.32,0.0535557
2021-02-23,48891.0,0.47579,1577.89,177.34,0.0476562
2021-02-24,49676.2,0.4686,1623.39,181.43,0.0567911
2021-02-25,47073.73,0.43601,1481.75,179.36,0.0499138
2021-02-26,46276.87,0.42788,1444.59,170.25,0.0504768
2021-02-27,46106.43,0.43589,1458.13,171.76,0.0500725
2021-02-28,45135.66,0.41565,1419.18,165.22,0.0481582
2021-03-01,49587.03,0.44537,1569.86,175.89,0.0505933
2021-03-02,48440.65,0.4357,1486.78,179.08,0.050364
2021-03-03,50349.37,0.44846,1567.69,187.64,0.0504146
2021-03-04,48374.09,0.48096,1539.23,180.67,0.0499865
2021-03-05,48751.71,0.45457,1528.31,180.23,0.0495285
2021-03-06,48882.2,0.46285,1650.35,182.85,0.0509588
2021-03-07,50971.75,0.46558,1726.16,190.75,0.0519871
2021-03-08,52375.17,0.47412,1833.18,191.85,0.0629738
2021-03-09,54884.5,0.4849,1870.51,203.81,0.0579117
2021-03-10,55851.59,0.46155,1795.12,200.29,0.0558692
2021-03-11,57773.16,0.45187,1825.78,201.36,0.0559286
2021-03-12,57221.72,0.43934,1766.1,220.84,0.0552731
2021-03-13,61188.39,0.45787,1922.35,226.06,0.0627892
2021-03-14,58968.31,0.43905,1848.1,213.94,0.058221
2021-03-15,55605.2,0.43574,1793.48,200.59,0.0569691
2021-03-16,56900.75,0.46024,1805.12,201.6,0.0586507
2021-03-17,58912.97,0.4698,1823.58,205.98,0.057892
2021-03-18,57648.16,0.46893,1776.08,199.7,0.0573485
2021-03-19,58030.01,0.46651,1809.1,199.96,0.0582472
2021-03-20,58102.28,0.52613,1806.1,200.17,0.0588186
2021-03-21,57351.56,0.51651,1782.98,195.31,0.0574781
2021-03-22,54083.25,0.5441,1680.97,185.67,0.054888
2021-03-23,54340.89,0.5498,1668.08,185.83,0.0533532
2021-03-24,52303.65,0.48021,1581.84,176.05,0.0514996
2021-03-25,51293.78,0.51058,1585.74,171.53,0.051266
2021-03-26,55025.59,0.56357,1698.84,183.45,0.053931
2021-03-27,55817.14,0.54752,1712.63,184.06,0.054436
2021-03-28,55777.63,0.54552,1687.01,184.24,0.0536656
2021-03-29,57635.47,0.56538,1816.74,193.73,0.054124
2021-03-30,58746.57,0.5621,1840.46,195.74,0.0540003
2021-03-31,58740.55,0.56982,1919.37,196.7,0.0537699
2021-04-01,58720.44,0.57087,1968.05,202.86,0.062151
2021-04-02,58950.01,0.60701,2133.69,211.46,0.0575849
2021-04-03,57051.94,0.57831,2008.52,195.23,0.0555113
2021-04-04,58202.01,0.635,2075.69,202.21,0.0573943
2021-04-05,59129.99,0.91584,2107.38,221.48,0.0599992
2021-04-06,57991.15,1.09663,2112.21,237.04,0.0644047
2021-04-07,55953.45,0.91542,1963.47,219.05,0.0587769
2021-04-08,58077.52,1.05599,2080.46,226.11,0.0617838
2021-04-09,58142.54,1.01721,2066.87,221.12,0.0615878
2021-04-10,59769.13,1.3728,2133.49,256.34,0.0637167
2021-04-11,60002.43,1.35118,2151.36,252.31,0.07433
2021-04-12,59860.0,1.46843,2137.69,244.42,0.0707343
2021-04-13,63575.0,1.79611,2299.19,267.59,0.094402
2021-04-14,62959.53,1.83468,2432.6,278.86,0.1214329
2021-04-15,63159.98,1.75781,2514.04,285.63,0.1823599
2021-04-16,61334.8,1.54805,2422.67,308.43,0.3654434
2021-04-17,60006.66,1.53896,2317.6,300.86,0.2822532
2021-04-18,56150.01,1.40797,2235.64,273.36,0.3223299
2021-04-19,55633.14,1.30945,2161.12,261.38,0.408903
2021-04-20,56425.0,1.38501,2330.03,260.68,0.3173205
2021-04-21,53787.63,1.29097,2357.06,257.69,0.3058251
2021-04-22,51690.96,1.15489,2397.94,252.5,0.2606615
2021-04-23,51125.14,1.17073,2367.39,241.31,0.2498155
2021-04-24,50047.84,1.04833,2213.35,224.75,0.27
2021-04-25,49066.77,1.0351,2320.49,223.88,0.25159
2021-04-26,54001.39,1.3629,2532.6,247.42,0.27161
2021-04-27,55011.97,1.4017,2666.13,259.77,0.27232
2021-04-28,54846.22,1.3576,2748.24,258.51,0.32311
2021-04-29,53555.0,1.3978,2757.04,255.31,0.30479
2021-04-30,57694.27,1.5988,2772.42,271.13,0.33746
2021-05-01,57800.37,1.651,2944.77,276.78,0.39087
2021-05-02,56578.21,1.5605,2949.56,268.88,0.37397
2021-05-03,57169.39,1.5546,3431.04,294.87,0.44142
2021-05-04,53200.01,1.3877,3239.01,305.23,0.53854
2021-05-05,57436.11,1.6133,3524.26,356.04,0.654
2021-05-06,56393.68,1.6028,3489.73,354.67,0.58106
2021-05-07,57314.75,1.5793,3479.53,344.89,0.68982
2021-05-08,58862.05,1.5611,3910.26,347.1,0.63708
2021-05-09,58240.84,1.5345,3923.95,387.8,0.57063
2021-05-10,55816.14,1.3906,3945.88,358.89,0.45074
2021-05-11,56670.02,1.4786,4173.45,377.6,0.49326
2021-05-12,49631.32,1.2691,3823.21,310.4,0.3916
2021-05-13,49670.97,1.364,3717.91,317.95,0.48945
2021-05-14,49841.45,1.4,4075.01,326.23,0.55971
2021-05-15,46762.99,1.4904,3646.68,300.3,0.50855
2021-05-16,46431.5,1.4496,3582.1,295.89,0.5137
2021-05-17,43538.04,1.4946,3282.51,281.53,0.4875
2021-05-18,42849.78,1.5889,3375.07,293.98,0.47574
2021-05-19,36690.09,1.0568,2438.92,185.93,0.32945
2021-05-20,40526.64,1.1795,2768.62,210.74,0.39758
2021-05-21,37252.01,1.0062,2430.98,179.97,0.35778
2021-05-22,37449.73,0.9052,2294.87,169.32,0.34199
2021-05-23,34655.25,0.7898,2096.39,142.39,0.30633
2021-05-24,38796.29,0.993,2648.43,185.32,0.36589
2021-05-25,38324.72,0.9746,2705.11,183.76,0.34598
2021-05-26,39241.91,1.0316,2884.94,198.91,0.35284
2021-05-27,38529.98,0.9747,2742.23,194.32,0.33403
2021-05-28,35663.49,0.8985,2412.1,177.33,0.31123
2021-05-29,34605.15,0.8318,2278.74,164.01,0.3028
2021-05-30,35641.27,0.9058,2385.98,170.51,0.30179
2021-05-31,37253.81,1.0409,2706.15,187.97,0.32557
2021-06-01,36693.09,1.0108,2634.57,182.99,0.37006
2021-06-02,37568.68,1.0241,2706.22,187.14,0.42338
2021-06-03,39246.79,1.045,2857.25,193.5,0.40078
2021-06-04,36829.0,0.9683,2689.51,178.44,0.37628
2021-06-05,35513.2,0.923,2627.73,172.94,0.3713
2021-06-06,35796.31,0.947,2711.92,176.41,0.37143
2021-06-07,33552.79,0.8618,2592.05,161.95,0.33146
2021-06-08,33380.81,0.8731,2507.23,160.63,0.32586
2021-06-09,37388.05,0.9218,2610.18,172.56,0.34318
2021-06-10,36675.72,0.8686,2471.09,168.16,0.32606
2021-06-11,37331.98,0.8471,2354.01,162.83,0.3187
2021-06-12,37076.04,0.8393,2335.78,160.64,0.31568
